index,unique_id,ds,NBEATS,NHITS
0,hotel_0,2023-07-01 00:00:00,0.9151692986488342,0.9114491939544678
1,hotel_0,2023-07-02 00:00:00,0.5977388620376587,0.619989275932312
2,hotel_0,2023-07-03 00:00:00,0.637416660785675,0.5934390425682068
3,hotel_0,2023-07-04 00:00:00,0.7237345576286316,0.701771080493927
4,hotel_0,2023-07-05 00:00:00,0.727125346660614,0.747524082660675
5,hotel_0,2023-07-06 00:00:00,0.7399479746818542,0.739800751209259
6,hotel_0,2023-07-07 00:00:00,0.8626950979232788,0.8506357669830322
7,hotel_0,2023-07-08 00:00:00,0.9412595629692078,0.9287955164909363
8,hotel_0,2023-07-09 00:00:00,0.653117299079895,0.6406188607215881
9,hotel_0,2023-07-10 00:00:00,0.6363057494163513,0.6094549298286438
10,hotel_0,2023-07-11 00:00:00,0.7584829330444336,0.7227711081504822
11,hotel_0,2023-07-12 00:00:00,0.7468938231468201,0.7640451192855835
12,hotel_0,2023-07-13 00:00:00,0.7437120079994202,0.7414697408676147
13,hotel_0,2023-07-14 00:00:00,0.8410419821739197,0.8791447877883911
14,hotel_0,2023-07-15 00:00:00,0.9489469528198242,0.926176905632019
15,hotel_0,2023-07-16 00:00:00,0.6352088451385498,0.6338644623756409
16,hotel_0,2023-07-17 00:00:00,0.65179842710495,0.6141564846038818
17,hotel_0,2023-07-18 00:00:00,0.7471030354499817,0.7288241982460022
18,hotel_0,2023-07-19 00:00:00,0.7758274674415588,0.7581945061683655
19,hotel_0,2023-07-20 00:00:00,0.7643011212348938,0.7412976622581482
20,hotel_0,2023-07-21 00:00:00,0.8240375518798828,0.8808900117874146
21,hotel_0,2023-07-22 00:00:00,0.8978191614151001,0.9324354529380798
22,hotel_0,2023-07-23 00:00:00,0.6212999224662781,0.6751642227172852
23,hotel_0,2023-07-24 00:00:00,0.6446810960769653,0.6285585165023804
24,hotel_0,2023-07-25 00:00:00,0.720764696598053,0.7385156154632568
25,hotel_0,2023-07-26 00:00:00,0.7446533441543579,0.7776066064834595
26,hotel_0,2023-07-27 00:00:00,0.7810670733451843,0.7545462846755981
27,hotel_0,2023-07-28 00:00:00,0.8488737344741821,0.8831741809844971
28,hotel_105,2023-07-01 00:00:00,0.9915519952774048,1.003917932510376
29,hotel_105,2023-07-02 00:00:00,0.9841504096984863,0.9779963493347168
30,hotel_105,2023-07-03 00:00:00,1.0019904375076294,0.993147075176239
31,hotel_105,2023-07-04 00:00:00,1.0181292295455933,1.027050495147705
32,hotel_105,2023-07-05 00:00:00,1.0119383335113525,1.017340064048767
33,hotel_105,2023-07-06 00:00:00,0.9987838268280029,0.9806175827980042
34,hotel_105,2023-07-07 00:00:00,0.9900825619697571,0.9914162755012512
35,hotel_105,2023-07-08 00:00:00,0.9894545674324036,0.9970386624336243
36,hotel_105,2023-07-09 00:00:00,0.9787295460700989,0.9727445840835571
37,hotel_105,2023-07-10 00:00:00,1.003635048866272,0.9947294592857361
38,hotel_105,2023-07-11 00:00:00,1.0173033475875854,1.0238969326019287
39,hotel_105,2023-07-12 00:00:00,1.0121246576309204,1.0104085206985474
40,hotel_105,2023-07-13 00:00:00,0.9968220591545105,0.9699691534042358
41,hotel_105,2023-07-14 00:00:00,0.9880579113960266,0.988176703453064
42,hotel_105,2023-07-15 00:00:00,0.9836101531982422,0.98997563123703
43,hotel_105,2023-07-16 00:00:00,0.9691842794418335,0.9616539478302002
44,hotel_105,2023-07-17 00:00:00,0.9949790835380554,0.9848512411117554
45,hotel_105,2023-07-18 00:00:00,1.017983078956604,1.0206786394119263
46,hotel_105,2023-07-19 00:00:00,1.00239098072052,1.0112745761871338
47,hotel_105,2023-07-20 00:00:00,0.9986822605133057,0.9683071970939636
48,hotel_105,2023-07-21 00:00:00,0.9953391551971436,0.9896245002746582
49,hotel_105,2023-07-22 00:00:00,0.9861598014831543,0.9926905632019043
50,hotel_105,2023-07-23 00:00:00,0.9729384779930115,0.9671399593353271
51,hotel_105,2023-07-24 00:00:00,0.9897205233573914,0.9885087013244629
52,hotel_105,2023-07-25 00:00:00,1.020363450050354,1.0216302871704102
53,hotel_105,2023-07-26 00:00:00,1.0094057321548462,1.006998062133789
54,hotel_105,2023-07-27 00:00:00,0.9861767888069153,0.9660876393318176
55,hotel_105,2023-07-28 00:00:00,0.9876599907875061,0.98671555519104
56,hotel_112,2023-07-01 00:00:00,0.9435511827468872,0.9342770576477051
57,hotel_112,2023-07-02 00:00:00,0.9234691858291626,0.9055129885673523
58,hotel_112,2023-07-03 00:00:00,0.9238633513450623,0.9104183912277222
59,hotel_112,2023-07-04 00:00:00,0.9406853914260864,0.9295063018798828
60,hotel_112,2023-07-05 00:00:00,0.9459742903709412,0.9437330961227417
61,hotel_112,2023-07-06 00:00:00,0.9532274603843689,0.9372953176498413
62,hotel_112,2023-07-07 00:00:00,0.9225420951843262,0.9222829341888428
63,hotel_112,2023-07-08 00:00:00,0.9353007078170776,0.9053801894187927
64,hotel_112,2023-07-09 00:00:00,0.9048933982849121,0.8832970857620239
65,hotel_112,2023-07-10 00:00:00,0.9188907742500305,0.8977014422416687
66,hotel_112,2023-07-11 00:00:00,0.9333616495132446,0.9207450747489929
67,hotel_112,2023-07-12 00:00:00,0.9568043351173401,0.9299266338348389
68,hotel_112,2023-07-13 00:00:00,0.9451116323471069,0.9161973595619202
69,hotel_112,2023-07-14 00:00:00,0.919374406337738,0.917616069316864
70,hotel_112,2023-07-15 00:00:00,0.9099098443984985,0.8919578790664673
71,hotel_112,2023-07-16 00:00:00,0.9012624025344849,0.8760561943054199
72,hotel_112,2023-07-17 00:00:00,0.9103174209594727,0.891389012336731
73,hotel_112,2023-07-18 00:00:00,0.9410200119018555,0.921616792678833
74,hotel_112,2023-07-19 00:00:00,0.9587573409080505,0.9363324642181396
75,hotel_112,2023-07-20 00:00:00,0.955003023147583,0.9251058101654053
76,hotel_112,2023-07-21 00:00:00,0.9181620478630066,0.9212660789489746
77,hotel_112,2023-07-22 00:00:00,0.9202642440795898,0.9017834663391113
78,hotel_112,2023-07-23 00:00:00,0.9041054248809814,0.8775515556335449
79,hotel_112,2023-07-24 00:00:00,0.9033147096633911,0.8993488550186157
80,hotel_112,2023-07-25 00:00:00,0.9362214803695679,0.9289265275001526
81,hotel_112,2023-07-26 00:00:00,0.9500319957733154,0.9369345307350159
82,hotel_112,2023-07-27 00:00:00,0.9567689895629883,0.9271661639213562
83,hotel_112,2023-07-28 00:00:00,0.9075731635093689,0.9270657896995544
84,hotel_126,2023-07-01 00:00:00,0.9910646677017212,0.9981175661087036
85,hotel_126,2023-07-02 00:00:00,0.9940146803855896,0.9908013343811035
86,hotel_126,2023-07-03 00:00:00,0.9918787479400635,0.990068256855011
87,hotel_126,2023-07-04 00:00:00,0.9928784370422363,0.9983564019203186
88,hotel_126,2023-07-05 00:00:00,0.9905486106872559,0.990868866443634
89,hotel_126,2023-07-06 00:00:00,0.9838836789131165,0.976507842540741
90,hotel_126,2023-07-07 00:00:00,0.9843273758888245,0.9851856231689453
91,hotel_126,2023-07-08 00:00:00,0.9956830143928528,1.0021618604660034
92,hotel_126,2023-07-09 00:00:00,0.990958034992218,0.990580141544342
93,hotel_126,2023-07-10 00:00:00,0.988566517829895,0.9875126481056213
94,hotel_126,2023-07-11 00:00:00,0.9951766133308411,0.9934932589530945
95,hotel_126,2023-07-12 00:00:00,0.9910739660263062,0.9862345457077026
96,hotel_126,2023-07-13 00:00:00,0.9804118275642395,0.9678590297698975
97,hotel_126,2023-07-14 00:00:00,0.9850296378135681,0.9814364910125732
98,hotel_126,2023-07-15 00:00:00,0.9901816844940186,0.9914175868034363
99,hotel_126,2023-07-16 00:00:00,0.982925534248352,0.9801038503646851
100,hotel_126,2023-07-17 00:00:00,0.9840688109397888,0.9784653782844543
101,hotel_126,2023-07-18 00:00:00,0.9902667999267578,0.9894573092460632
102,hotel_126,2023-07-19 00:00:00,0.9840866923332214,0.9870216250419617
103,hotel_126,2023-07-20 00:00:00,0.9733511209487915,0.9654678106307983
104,hotel_126,2023-07-21 00:00:00,0.9869495630264282,0.9811236262321472
105,hotel_126,2023-07-22 00:00:00,0.9895856976509094,0.9922135472297668
106,hotel_126,2023-07-23 00:00:00,0.9925739765167236,0.9827417135238647
107,hotel_126,2023-07-24 00:00:00,0.9892297983169556,0.9852626919746399
108,hotel_126,2023-07-25 00:00:00,0.9917758703231812,0.9921761751174927
109,hotel_126,2023-07-26 00:00:00,0.9895177483558655,0.9864599704742432
110,hotel_126,2023-07-27 00:00:00,0.9733662009239197,0.9672644138336182
111,hotel_126,2023-07-28 00:00:00,0.9825776219367981,0.9765321016311646
112,hotel_133,2023-07-01 00:00:00,0.96947181224823,0.9725745916366577
113,hotel_133,2023-07-02 00:00:00,0.90529465675354,0.9154309630393982
114,hotel_133,2023-07-03 00:00:00,0.9265841245651245,0.9142705798149109
115,hotel_133,2023-07-04 00:00:00,0.9531747102737427,0.9441514015197754
116,hotel_133,2023-07-05 00:00:00,0.9544347524642944,0.9545969367027283
117,hotel_133,2023-07-06 00:00:00,0.9562802314758301,0.9560376405715942
118,hotel_133,2023-07-07 00:00:00,0.9709053039550781,0.9725266098976135
119,hotel_133,2023-07-08 00:00:00,0.9740042090415955,0.9745559096336365
120,hotel_133,2023-07-09 00:00:00,0.900722086429596,0.9158130288124084
121,hotel_133,2023-07-10 00:00:00,0.9041786789894104,0.911108136177063
122,hotel_133,2023-07-11 00:00:00,0.9359068870544434,0.939305305480957
123,hotel_133,2023-07-12 00:00:00,0.9460957050323486,0.9502303600311279
124,hotel_133,2023-07-13 00:00:00,0.9382327795028687,0.9431228637695312
125,hotel_133,2023-07-14 00:00:00,0.967197060585022,0.9702166318893433
126,hotel_133,2023-07-15 00:00:00,0.9709135293960571,0.965168833732605
127,hotel_133,2023-07-16 00:00:00,0.8922414779663086,0.9076837301254272
128,hotel_133,2023-07-17 00:00:00,0.9142897129058838,0.9062095880508423
129,hotel_133,2023-07-18 00:00:00,0.9453353881835938,0.9396280646324158
130,hotel_133,2023-07-19 00:00:00,0.9396424293518066,0.9503467082977295
131,hotel_133,2023-07-20 00:00:00,0.941091001033783,0.9454120397567749
132,hotel_133,2023-07-21 00:00:00,0.9644895195960999,0.9712836146354675
133,hotel_133,2023-07-22 00:00:00,0.9716866612434387,0.967731773853302
134,hotel_133,2023-07-23 00:00:00,0.8994882702827454,0.9145289659500122
135,hotel_133,2023-07-24 00:00:00,0.9078503847122192,0.9150526523590088
136,hotel_133,2023-07-25 00:00:00,0.941532552242279,0.9430946707725525
137,hotel_133,2023-07-26 00:00:00,0.9468332529067993,0.9498064517974854
138,hotel_133,2023-07-27 00:00:00,0.9470618963241577,0.9444885849952698
139,hotel_133,2023-07-28 00:00:00,0.9608650207519531,0.9671991467475891
140,hotel_14,2023-07-01 00:00:00,0.5639199018478394,0.5394839644432068
141,hotel_14,2023-07-02 00:00:00,0.43735238909721375,0.4833579659461975
142,hotel_14,2023-07-03 00:00:00,0.5640414953231812,0.5155845284461975
143,hotel_14,2023-07-04 00:00:00,0.6580550074577332,0.6272144913673401
144,hotel_14,2023-07-05 00:00:00,0.6607192754745483,0.6754350066184998
145,hotel_14,2023-07-06 00:00:00,0.6187103986740112,0.6537389755249023
146,hotel_14,2023-07-07 00:00:00,0.6400697231292725,0.604952871799469
147,hotel_14,2023-07-08 00:00:00,0.6256523132324219,0.6171470880508423
148,hotel_14,2023-07-09 00:00:00,0.4830874800682068,0.5244584679603577
149,hotel_14,2023-07-10 00:00:00,0.5946784615516663,0.5631721019744873
150,hotel_14,2023-07-11 00:00:00,0.6604782342910767,0.6436835527420044
151,hotel_14,2023-07-12 00:00:00,0.6881287097930908,0.6928055286407471
152,hotel_14,2023-07-13 00:00:00,0.6425084471702576,0.6375221014022827
153,hotel_14,2023-07-14 00:00:00,0.6427450180053711,0.6051622629165649
154,hotel_14,2023-07-15 00:00:00,0.6188368797302246,0.608810305595398
155,hotel_14,2023-07-16 00:00:00,0.48617130517959595,0.5258862376213074
156,hotel_14,2023-07-17 00:00:00,0.5872359275817871,0.5577157139778137
157,hotel_14,2023-07-18 00:00:00,0.6407489776611328,0.6372583508491516
158,hotel_14,2023-07-19 00:00:00,0.6726496815681458,0.6793644428253174
159,hotel_14,2023-07-20 00:00:00,0.6489866375923157,0.6391751170158386
160,hotel_14,2023-07-21 00:00:00,0.6481183171272278,0.6058104038238525
161,hotel_14,2023-07-22 00:00:00,0.6501704454421997,0.6199166178703308
162,hotel_14,2023-07-23 00:00:00,0.49571025371551514,0.532626211643219
163,hotel_14,2023-07-24 00:00:00,0.5764394402503967,0.5643644332885742
164,hotel_14,2023-07-25 00:00:00,0.6619646549224854,0.6566982865333557
165,hotel_14,2023-07-26 00:00:00,0.6978492140769958,0.7020828723907471
166,hotel_14,2023-07-27 00:00:00,0.6652879118919373,0.6679949760437012
167,hotel_14,2023-07-28 00:00:00,0.6706017255783081,0.6267026662826538
168,hotel_21,2023-07-01 00:00:00,0.9438901543617249,0.9413663148880005
169,hotel_21,2023-07-02 00:00:00,0.9496549963951111,0.952217698097229
170,hotel_21,2023-07-03 00:00:00,0.9294670224189758,0.9332823157310486
171,hotel_21,2023-07-04 00:00:00,0.9554998278617859,0.9484726786613464
172,hotel_21,2023-07-05 00:00:00,0.9700340032577515,0.97662752866745
173,hotel_21,2023-07-06 00:00:00,0.9660969972610474,0.9845980405807495
174,hotel_21,2023-07-07 00:00:00,0.9525429606437683,0.9555119276046753
175,hotel_21,2023-07-08 00:00:00,0.9690176248550415,0.9773924350738525
176,hotel_21,2023-07-09 00:00:00,0.9450944066047668,0.9684762358665466
177,hotel_21,2023-07-10 00:00:00,0.9369986653327942,0.9336279034614563
178,hotel_21,2023-07-11 00:00:00,0.9649649262428284,0.9477638602256775
179,hotel_21,2023-07-12 00:00:00,0.9765903949737549,0.9784484505653381
180,hotel_21,2023-07-13 00:00:00,0.974556028842926,0.9700067043304443
181,hotel_21,2023-07-14 00:00:00,0.9549635648727417,0.950863778591156
182,hotel_21,2023-07-15 00:00:00,0.968071460723877,0.9631733298301697
183,hotel_21,2023-07-16 00:00:00,0.9501253962516785,0.9592748284339905
184,hotel_21,2023-07-17 00:00:00,0.9194755554199219,0.9277148246765137
185,hotel_21,2023-07-18 00:00:00,0.952901303768158,0.9452419281005859
186,hotel_21,2023-07-19 00:00:00,0.9779686331748962,0.9721236824989319
187,hotel_21,2023-07-20 00:00:00,0.9598091840744019,0.969805896282196
188,hotel_21,2023-07-21 00:00:00,0.9518176317214966,0.951249361038208
189,hotel_21,2023-07-22 00:00:00,0.9693652391433716,0.9664832353591919
190,hotel_21,2023-07-23 00:00:00,0.9515935778617859,0.9586441516876221
191,hotel_21,2023-07-24 00:00:00,0.9380914568901062,0.9370914101600647
192,hotel_21,2023-07-25 00:00:00,0.9524534344673157,0.9475594162940979
193,hotel_21,2023-07-26 00:00:00,0.984222412109375,0.9715052843093872
194,hotel_21,2023-07-27 00:00:00,0.9700143933296204,0.9731255769729614
195,hotel_21,2023-07-28 00:00:00,0.9538365006446838,0.9475694894790649
196,hotel_28,2023-07-01 00:00:00,0.4436931610107422,0.4258551597595215
197,hotel_28,2023-07-02 00:00:00,0.26494100689888,0.33482858538627625
198,hotel_28,2023-07-03 00:00:00,0.12886875867843628,0.22916486859321594
199,hotel_28,2023-07-04 00:00:00,0.07577371597290039,0.16113315522670746
200,hotel_28,2023-07-05 00:00:00,0.05392509698867798,0.13756997883319855
201,hotel_28,2023-07-06 00:00:00,0.1207878589630127,0.10630734264850616
202,hotel_28,2023-07-07 00:00:00,0.11726650595664978,0.08923178911209106
203,hotel_28,2023-07-08 00:00:00,0.01284325122833252,-0.031543128192424774
204,hotel_28,2023-07-09 00:00:00,0.016227930784225464,-0.05227953568100929
205,hotel_28,2023-07-10 00:00:00,-0.0428045392036438,-0.034984130412340164
206,hotel_28,2023-07-11 00:00:00,-0.019627630710601807,-0.07140226662158966
207,hotel_28,2023-07-12 00:00:00,-0.009729981422424316,-0.054733820259571075
208,hotel_28,2023-07-13 00:00:00,0.031121432781219482,0.029519978910684586
209,hotel_28,2023-07-14 00:00:00,-0.0037903785705566406,0.015319287776947021
210,hotel_28,2023-07-15 00:00:00,-0.01606893539428711,-0.08667945116758347
211,hotel_28,2023-07-16 00:00:00,0.001522362232208252,-0.13909775018692017
212,hotel_28,2023-07-17 00:00:00,-0.09209400415420532,-0.10002493113279343
213,hotel_28,2023-07-18 00:00:00,-0.045119404792785645,-0.10961738973855972
214,hotel_28,2023-07-19 00:00:00,0.04743644595146179,-0.14827562868595123
215,hotel_28,2023-07-20 00:00:00,0.02341046929359436,-0.0725906491279602
216,hotel_28,2023-07-21 00:00:00,-0.022659629583358765,-0.02081649750471115
217,hotel_28,2023-07-22 00:00:00,-0.0009857416152954102,-0.0896795466542244
218,hotel_28,2023-07-23 00:00:00,0.025493890047073364,-0.1312982738018036
219,hotel_28,2023-07-24 00:00:00,-0.0017772316932678223,-0.13510483503341675
220,hotel_28,2023-07-25 00:00:00,-0.06003826856613159,-0.11248980462551117
221,hotel_28,2023-07-26 00:00:00,-0.08145320415496826,-0.08580473065376282
222,hotel_28,2023-07-27 00:00:00,0.00020131468772888184,-0.011126181110739708
223,hotel_28,2023-07-28 00:00:00,0.007633715867996216,0.030337626114487648
224,hotel_35,2023-07-01 00:00:00,0.696365475654602,0.6844338178634644
225,hotel_35,2023-07-02 00:00:00,0.720774233341217,0.6898730993270874
226,hotel_35,2023-07-03 00:00:00,0.7619125247001648,0.7431554794311523
227,hotel_35,2023-07-04 00:00:00,0.800700843334198,0.7831368446350098
228,hotel_35,2023-07-05 00:00:00,0.8087409734725952,0.7802379131317139
229,hotel_35,2023-07-06 00:00:00,0.8111335635185242,0.7620335817337036
230,hotel_35,2023-07-07 00:00:00,0.7507439255714417,0.7373968958854675
231,hotel_35,2023-07-08 00:00:00,0.7030132412910461,0.7011964917182922
232,hotel_35,2023-07-09 00:00:00,0.7112613320350647,0.7064608335494995
233,hotel_35,2023-07-10 00:00:00,0.7578300833702087,0.7516321539878845
234,hotel_35,2023-07-11 00:00:00,0.8042338490486145,0.7870282530784607
235,hotel_35,2023-07-12 00:00:00,0.7887342572212219,0.7823637127876282
236,hotel_35,2023-07-13 00:00:00,0.7939645648002625,0.7499048113822937
237,hotel_35,2023-07-14 00:00:00,0.7437766194343567,0.7318559885025024
238,hotel_35,2023-07-15 00:00:00,0.6984416842460632,0.6936166286468506
239,hotel_35,2023-07-16 00:00:00,0.722495436668396,0.7001547813415527
240,hotel_35,2023-07-17 00:00:00,0.7636571526527405,0.7465976476669312
241,hotel_35,2023-07-18 00:00:00,0.7933918237686157,0.7770750522613525
242,hotel_35,2023-07-19 00:00:00,0.8115649819374084,0.7787561416625977
243,hotel_35,2023-07-20 00:00:00,0.8149815797805786,0.7550621032714844
244,hotel_35,2023-07-21 00:00:00,0.7524958848953247,0.7244256734848022
245,hotel_35,2023-07-22 00:00:00,0.7155078649520874,0.6920005679130554
246,hotel_35,2023-07-23 00:00:00,0.709876537322998,0.696480929851532
247,hotel_35,2023-07-24 00:00:00,0.7651875019073486,0.7463369369506836
248,hotel_35,2023-07-25 00:00:00,0.7803578972816467,0.7830619215965271
249,hotel_35,2023-07-26 00:00:00,0.8052439093589783,0.7752945423126221
250,hotel_35,2023-07-27 00:00:00,0.8027170896530151,0.7576746940612793
251,hotel_35,2023-07-28 00:00:00,0.7508761882781982,0.7326929569244385
252,hotel_42,2023-07-01 00:00:00,0.853728175163269,0.8620349168777466
253,hotel_42,2023-07-02 00:00:00,0.4557335674762726,0.5834883451461792
254,hotel_42,2023-07-03 00:00:00,0.6204252243041992,0.6309740543365479
255,hotel_42,2023-07-04 00:00:00,0.7799144387245178,0.7727839350700378
256,hotel_42,2023-07-05 00:00:00,0.6899101138114929,0.7987983226776123
257,hotel_42,2023-07-06 00:00:00,0.6532111167907715,0.7090572118759155
258,hotel_42,2023-07-07 00:00:00,0.8204159736633301,0.8118413686752319
259,hotel_42,2023-07-08 00:00:00,0.9148669242858887,0.8787864446640015
260,hotel_42,2023-07-09 00:00:00,0.5490569472312927,0.6087954640388489
261,hotel_42,2023-07-10 00:00:00,0.6431330442428589,0.6415759921073914
262,hotel_42,2023-07-11 00:00:00,0.8280857801437378,0.7921950817108154
263,hotel_42,2023-07-12 00:00:00,0.7894291877746582,0.8124480247497559
264,hotel_42,2023-07-13 00:00:00,0.6887070536613464,0.7004032135009766
265,hotel_42,2023-07-14 00:00:00,0.8482984304428101,0.8447647094726562
266,hotel_42,2023-07-15 00:00:00,0.8996374011039734,0.875577449798584
267,hotel_42,2023-07-16 00:00:00,0.5063588619232178,0.5981367826461792
268,hotel_42,2023-07-17 00:00:00,0.6224378943443298,0.6528350114822388
269,hotel_42,2023-07-18 00:00:00,0.8025714159011841,0.798004686832428
270,hotel_42,2023-07-19 00:00:00,0.7790175676345825,0.7998321056365967
271,hotel_42,2023-07-20 00:00:00,0.7075022459030151,0.7210957407951355
272,hotel_42,2023-07-21 00:00:00,0.7821758985519409,0.8625797033309937
273,hotel_42,2023-07-22 00:00:00,0.8838571310043335,0.8942654132843018
274,hotel_42,2023-07-23 00:00:00,0.5384758710861206,0.6407129168510437
275,hotel_42,2023-07-24 00:00:00,0.6365789175033569,0.6743782758712769
276,hotel_42,2023-07-25 00:00:00,0.8178175091743469,0.8014211654663086
277,hotel_42,2023-07-26 00:00:00,0.7761493921279907,0.810409665107727
278,hotel_42,2023-07-27 00:00:00,0.741443395614624,0.71175616979599
279,hotel_42,2023-07-28 00:00:00,0.8314533233642578,0.8480023145675659
280,hotel_49,2023-07-01 00:00:00,0.695064902305603,0.7019641399383545
281,hotel_49,2023-07-02 00:00:00,0.6214054822921753,0.6387140154838562
282,hotel_49,2023-07-03 00:00:00,0.6420633792877197,0.6257126927375793
283,hotel_49,2023-07-04 00:00:00,0.6820645332336426,0.6664257645606995
284,hotel_49,2023-07-05 00:00:00,0.6764958500862122,0.6611436605453491
285,hotel_49,2023-07-06 00:00:00,0.6620344519615173,0.6461734175682068
286,hotel_49,2023-07-07 00:00:00,0.6953060030937195,0.6901913285255432
287,hotel_49,2023-07-08 00:00:00,0.7271775603294373,0.7143313884735107
288,hotel_49,2023-07-09 00:00:00,0.638597309589386,0.6463231444358826
289,hotel_49,2023-07-10 00:00:00,0.6279709935188293,0.6297633647918701
290,hotel_49,2023-07-11 00:00:00,0.6691725254058838,0.6635602712631226
291,hotel_49,2023-07-12 00:00:00,0.667281985282898,0.6590248346328735
292,hotel_49,2023-07-13 00:00:00,0.6438230872154236,0.6358577609062195
293,hotel_49,2023-07-14 00:00:00,0.6935418844223022,0.6926898956298828
294,hotel_49,2023-07-15 00:00:00,0.7203484773635864,0.7048575282096863
295,hotel_49,2023-07-16 00:00:00,0.6201011538505554,0.641261637210846
296,hotel_49,2023-07-17 00:00:00,0.6459982395172119,0.6299984455108643
297,hotel_49,2023-07-18 00:00:00,0.6755932569503784,0.6617723107337952
298,hotel_49,2023-07-19 00:00:00,0.666002631187439,0.660787045955658
299,hotel_49,2023-07-20 00:00:00,0.656688928604126,0.6433468461036682
300,hotel_49,2023-07-21 00:00:00,0.6886821389198303,0.6847158074378967
301,hotel_49,2023-07-22 00:00:00,0.7220603227615356,0.7109318375587463
302,hotel_49,2023-07-23 00:00:00,0.6473891735076904,0.6461439728736877
303,hotel_49,2023-07-24 00:00:00,0.6368499398231506,0.6357067227363586
304,hotel_49,2023-07-25 00:00:00,0.6758663058280945,0.6664943695068359
305,hotel_49,2023-07-26 00:00:00,0.670668363571167,0.6629910469055176
306,hotel_49,2023-07-27 00:00:00,0.655098557472229,0.6381040215492249
307,hotel_49,2023-07-28 00:00:00,0.68276047706604,0.6823348999023438
308,hotel_56,2023-07-01 00:00:00,0.9660407900810242,0.9771703481674194
309,hotel_56,2023-07-02 00:00:00,0.8717236518859863,0.8941856622695923
310,hotel_56,2023-07-03 00:00:00,0.9334157109260559,0.9244265556335449
311,hotel_56,2023-07-04 00:00:00,0.980751633644104,0.990190863609314
312,hotel_56,2023-07-05 00:00:00,0.9436824321746826,0.9711328148841858
313,hotel_56,2023-07-06 00:00:00,0.9450790882110596,0.9235913157463074
314,hotel_56,2023-07-07 00:00:00,0.9811509847640991,0.9709252119064331
315,hotel_56,2023-07-08 00:00:00,0.9926725029945374,0.9849545955657959
316,hotel_56,2023-07-09 00:00:00,0.8852972388267517,0.9039732217788696
317,hotel_56,2023-07-10 00:00:00,0.9154801368713379,0.9309940934181213
318,hotel_56,2023-07-11 00:00:00,0.9705202579498291,0.9840463399887085
319,hotel_56,2023-07-12 00:00:00,0.9435158371925354,0.9653381705284119
320,hotel_56,2023-07-13 00:00:00,0.9221490621566772,0.9134193658828735
321,hotel_56,2023-07-14 00:00:00,0.9673122763633728,0.9708478450775146
322,hotel_56,2023-07-15 00:00:00,0.9721651077270508,0.9799093008041382
323,hotel_56,2023-07-16 00:00:00,0.876329779624939,0.8904877305030823
324,hotel_56,2023-07-17 00:00:00,0.9311262965202332,0.9272245168685913
325,hotel_56,2023-07-18 00:00:00,0.9904059767723083,0.9830703735351562
326,hotel_56,2023-07-19 00:00:00,0.9480397701263428,0.9618136286735535
327,hotel_56,2023-07-20 00:00:00,0.9366924166679382,0.90887850522995
328,hotel_56,2023-07-21 00:00:00,0.9685823917388916,0.9765704274177551
329,hotel_56,2023-07-22 00:00:00,0.9750523567199707,0.9825456142425537
330,hotel_56,2023-07-23 00:00:00,0.8726217746734619,0.9067157506942749
331,hotel_56,2023-07-24 00:00:00,0.924238920211792,0.9324178695678711
332,hotel_56,2023-07-25 00:00:00,0.9838868975639343,0.9907589554786682
333,hotel_56,2023-07-26 00:00:00,0.9609487056732178,0.964745819568634
334,hotel_56,2023-07-27 00:00:00,0.9439866542816162,0.9107921719551086
335,hotel_56,2023-07-28 00:00:00,0.9668327569961548,0.9702096581459045
336,hotel_63,2023-07-01 00:00:00,0.9002779126167297,0.9439815878868103
337,hotel_63,2023-07-02 00:00:00,0.6982114315032959,0.6826140284538269
338,hotel_63,2023-07-03 00:00:00,0.7581430077552795,0.6927663087844849
339,hotel_63,2023-07-04 00:00:00,0.8373048305511475,0.8046467304229736
340,hotel_63,2023-07-05 00:00:00,0.8503726124763489,0.8387203216552734
341,hotel_63,2023-07-06 00:00:00,0.8449796438217163,0.8144775629043579
342,hotel_63,2023-07-07 00:00:00,0.9147934317588806,0.9037344455718994
343,hotel_63,2023-07-08 00:00:00,0.9441301822662354,0.9513523578643799
344,hotel_63,2023-07-09 00:00:00,0.7060533165931702,0.7045760154724121
345,hotel_63,2023-07-10 00:00:00,0.744694709777832,0.7059531211853027
346,hotel_63,2023-07-11 00:00:00,0.8647156953811646,0.8213924169540405
347,hotel_63,2023-07-12 00:00:00,0.8705768585205078,0.8460878729820251
348,hotel_63,2023-07-13 00:00:00,0.8695681095123291,0.8091688752174377
349,hotel_63,2023-07-14 00:00:00,0.9278643727302551,0.9312712550163269
350,hotel_63,2023-07-15 00:00:00,0.9636839628219604,0.9458255767822266
351,hotel_63,2023-07-16 00:00:00,0.7118228077888489,0.6937999725341797
352,hotel_63,2023-07-17 00:00:00,0.7547895908355713,0.7053802609443665
353,hotel_63,2023-07-18 00:00:00,0.8412775993347168,0.8234754800796509
354,hotel_63,2023-07-19 00:00:00,0.8517147898674011,0.842017412185669
355,hotel_63,2023-07-20 00:00:00,0.8480625748634338,0.8179758787155151
356,hotel_63,2023-07-21 00:00:00,0.9259613156318665,0.9341456294059753
357,hotel_63,2023-07-22 00:00:00,0.9405037760734558,0.9581409096717834
358,hotel_63,2023-07-23 00:00:00,0.7179938554763794,0.7348126769065857
359,hotel_63,2023-07-24 00:00:00,0.7725537419319153,0.7286046147346497
360,hotel_63,2023-07-25 00:00:00,0.8587259650230408,0.8276185393333435
361,hotel_63,2023-07-26 00:00:00,0.8577647805213928,0.850490152835846
362,hotel_63,2023-07-27 00:00:00,0.8434843420982361,0.8123503923416138
363,hotel_63,2023-07-28 00:00:00,0.9415023922920227,0.9278415441513062
364,hotel_7,2023-07-01 00:00:00,0.5041559934616089,0.5384633541107178
365,hotel_7,2023-07-02 00:00:00,0.4390818178653717,0.4159586727619171
366,hotel_7,2023-07-03 00:00:00,0.4042172431945801,0.41094958782196045
367,hotel_7,2023-07-04 00:00:00,0.40039005875587463,0.41674911975860596
368,hotel_7,2023-07-05 00:00:00,0.47678083181381226,0.4563942849636078
369,hotel_7,2023-07-06 00:00:00,0.5927627086639404,0.5432958602905273
370,hotel_7,2023-07-07 00:00:00,0.5787158608436584,0.626977264881134
371,hotel_7,2023-07-08 00:00:00,0.49645307660102844,0.5094440579414368
372,hotel_7,2023-07-09 00:00:00,0.4406152367591858,0.388762891292572
373,hotel_7,2023-07-10 00:00:00,0.41485968232154846,0.40793710947036743
374,hotel_7,2023-07-11 00:00:00,0.3914828598499298,0.42430898547172546
375,hotel_7,2023-07-12 00:00:00,0.49254393577575684,0.4689810574054718
376,hotel_7,2023-07-13 00:00:00,0.585076093673706,0.5713545083999634
377,hotel_7,2023-07-14 00:00:00,0.6024637818336487,0.6218302249908447
378,hotel_7,2023-07-15 00:00:00,0.49071890115737915,0.5081884264945984
379,hotel_7,2023-07-16 00:00:00,0.45366472005844116,0.40026921033859253
380,hotel_7,2023-07-17 00:00:00,0.396075576543808,0.40330201387405396
381,hotel_7,2023-07-18 00:00:00,0.39987611770629883,0.4324866235256195
382,hotel_7,2023-07-19 00:00:00,0.4949426054954529,0.4719439446926117
383,hotel_7,2023-07-20 00:00:00,0.605924129486084,0.564615786075592
384,hotel_7,2023-07-21 00:00:00,0.6402037143707275,0.6428717374801636
385,hotel_7,2023-07-22 00:00:00,0.48605504631996155,0.5125933289527893
386,hotel_7,2023-07-23 00:00:00,0.4480813145637512,0.42280709743499756
387,hotel_7,2023-07-24 00:00:00,0.3843196630477905,0.4074900150299072
388,hotel_7,2023-07-25 00:00:00,0.4011598825454712,0.4517853856086731
389,hotel_7,2023-07-26 00:00:00,0.4898202121257782,0.49565044045448303
390,hotel_7,2023-07-27 00:00:00,0.600807785987854,0.6006659269332886
391,hotel_7,2023-07-28 00:00:00,0.6236432790756226,0.6496368050575256
392,hotel_70,2023-07-01 00:00:00,0.8134653568267822,0.8111982941627502
393,hotel_70,2023-07-02 00:00:00,0.7061551809310913,0.7216527462005615
394,hotel_70,2023-07-03 00:00:00,0.6889550089836121,0.6700261831283569
395,hotel_70,2023-07-04 00:00:00,0.6989485621452332,0.6954286694526672
396,hotel_70,2023-07-05 00:00:00,0.7178134918212891,0.7031111121177673
397,hotel_70,2023-07-06 00:00:00,0.7286156415939331,0.7334686517715454
398,hotel_70,2023-07-07 00:00:00,0.7569693922996521,0.7652848362922668
399,hotel_70,2023-07-08 00:00:00,0.7772433161735535,0.7761311531066895
400,hotel_70,2023-07-09 00:00:00,0.6764570474624634,0.6916292905807495
401,hotel_70,2023-07-10 00:00:00,0.6644669771194458,0.6563053727149963
402,hotel_70,2023-07-11 00:00:00,0.6862322092056274,0.6790071129798889
403,hotel_70,2023-07-12 00:00:00,0.6895013451576233,0.6974673271179199
404,hotel_70,2023-07-13 00:00:00,0.7113147974014282,0.7100135087966919
405,hotel_70,2023-07-14 00:00:00,0.7353094816207886,0.7724139094352722
406,hotel_70,2023-07-15 00:00:00,0.7531307935714722,0.7688716650009155
407,hotel_70,2023-07-16 00:00:00,0.6859861612319946,0.6886717677116394
408,hotel_70,2023-07-17 00:00:00,0.6608672142028809,0.6612475514411926
409,hotel_70,2023-07-18 00:00:00,0.7003387808799744,0.69693523645401
410,hotel_70,2023-07-19 00:00:00,0.7111712694168091,0.7021514177322388
411,hotel_70,2023-07-20 00:00:00,0.7151499390602112,0.7253667712211609
412,hotel_70,2023-07-21 00:00:00,0.7332983613014221,0.764442503452301
413,hotel_70,2023-07-22 00:00:00,0.7561598420143127,0.7670888304710388
414,hotel_70,2023-07-23 00:00:00,0.6684622168540955,0.6904316544532776
415,hotel_70,2023-07-24 00:00:00,0.6733373999595642,0.6643998622894287
416,hotel_70,2023-07-25 00:00:00,0.66624516248703,0.6896986961364746
417,hotel_70,2023-07-26 00:00:00,0.6899948120117188,0.7132787108421326
418,hotel_70,2023-07-27 00:00:00,0.7111207246780396,0.7161506414413452
419,hotel_70,2023-07-28 00:00:00,0.7432126402854919,0.7565295100212097
420,hotel_77,2022-12-27 00:00:00,-0.0009168349206447601,0.0011257752776145935
421,hotel_77,2022-12-28 00:00:00,0.00036463886499404907,0.0014317315071821213
422,hotel_77,2022-12-29 00:00:00,0.00010915100574493408,0.0006613666191697121
423,hotel_77,2022-12-30 00:00:00,-0.0016639344394207,0.00015190709382295609
424,hotel_77,2022-12-31 00:00:00,-0.0004681311547756195,0.0006713755428791046
425,hotel_77,2023-01-01 00:00:00,0.0010363496840000153,0.0002739615738391876
426,hotel_77,2023-01-02 00:00:00,0.0012119468301534653,-0.0018692612648010254
427,hotel_77,2023-01-03 00:00:00,-0.0012063775211572647,0.0001667700707912445
428,hotel_77,2023-01-04 00:00:00,-0.0018495544791221619,-0.00041209207847714424
429,hotel_77,2023-01-05 00:00:00,-0.0011103609576821327,-0.0007237903773784637
430,hotel_77,2023-01-06 00:00:00,-0.0019161775708198547,0.0004757682327181101
431,hotel_77,2023-01-07 00:00:00,-0.0019522570073604584,-3.6600977182388306e-05
432,hotel_77,2023-01-08 00:00:00,-0.003170434385538101,-0.0003364197909832001
433,hotel_77,2023-01-09 00:00:00,-0.002501958981156349,-0.0006027789786458015
434,hotel_77,2023-01-10 00:00:00,-0.003171466290950775,-0.0008995337411761284
435,hotel_77,2023-01-11 00:00:00,-0.003981169778853655,-0.0012849560007452965
436,hotel_77,2023-01-12 00:00:00,-0.002482198178768158,-0.001924905925989151
437,hotel_77,2023-01-13 00:00:00,-0.005532795563340187,0.00021095387637615204
438,hotel_77,2023-01-14 00:00:00,-0.0030729006975889206,-0.000159362331032753
439,hotel_77,2023-01-15 00:00:00,-0.0012372657656669617,-0.001048034057021141
440,hotel_77,2023-01-16 00:00:00,-0.00031108222901821136,-0.0018997834995388985
441,hotel_77,2023-01-17 00:00:00,-0.0008222237229347229,-0.0007759456057101488
442,hotel_77,2023-01-18 00:00:00,0.0009163692593574524,-0.0013659186661243439
443,hotel_77,2023-01-19 00:00:00,-0.002555243670940399,-0.0016426527872681618
444,hotel_77,2023-01-20 00:00:00,-0.005090586841106415,-0.0021743602119386196
445,hotel_77,2023-01-21 00:00:00,-0.004319861531257629,-0.002554226666688919
446,hotel_77,2023-01-22 00:00:00,-0.004469923675060272,-0.003980822861194611
447,hotel_77,2023-01-23 00:00:00,-0.002844974398612976,-0.005248186178505421
448,hotel_84,2023-07-01 00:00:00,0.9514880180358887,0.9457104802131653
449,hotel_84,2023-07-02 00:00:00,0.9147316217422485,0.9133929014205933
450,hotel_84,2023-07-03 00:00:00,0.8688191771507263,0.8670949935913086
451,hotel_84,2023-07-04 00:00:00,0.8736485242843628,0.8777620792388916
452,hotel_84,2023-07-05 00:00:00,0.8806099891662598,0.8820178508758545
453,hotel_84,2023-07-06 00:00:00,0.8875427842140198,0.8801531791687012
454,hotel_84,2023-07-07 00:00:00,0.9122673869132996,0.9087660908699036
455,hotel_84,2023-07-08 00:00:00,0.9561637043952942,0.9442411661148071
456,hotel_84,2023-07-09 00:00:00,0.914239764213562,0.9118919968605042
457,hotel_84,2023-07-10 00:00:00,0.8610923290252686,0.8635529279708862
458,hotel_84,2023-07-11 00:00:00,0.8739379048347473,0.8693143129348755
459,hotel_84,2023-07-12 00:00:00,0.88165682554245,0.8799172639846802
460,hotel_84,2023-07-13 00:00:00,0.8835392594337463,0.8765568137168884
461,hotel_84,2023-07-14 00:00:00,0.8983486890792847,0.9135826230049133
462,hotel_84,2023-07-15 00:00:00,0.9450119733810425,0.9376214742660522
463,hotel_84,2023-07-16 00:00:00,0.8974957466125488,0.9057140350341797
464,hotel_84,2023-07-17 00:00:00,0.873738169670105,0.8620870113372803
465,hotel_84,2023-07-18 00:00:00,0.886693000793457,0.8740643262863159
466,hotel_84,2023-07-19 00:00:00,0.884368360042572,0.8845004439353943
467,hotel_84,2023-07-20 00:00:00,0.8793777227401733,0.8732684254646301
468,hotel_84,2023-07-21 00:00:00,0.89597088098526,0.9086422920227051
469,hotel_84,2023-07-22 00:00:00,0.9374817609786987,0.9411641359329224
470,hotel_84,2023-07-23 00:00:00,0.9110221266746521,0.9104672074317932
471,hotel_84,2023-07-24 00:00:00,0.8609740734100342,0.8734968304634094
472,hotel_84,2023-07-25 00:00:00,0.8763821721076965,0.8772722482681274
473,hotel_84,2023-07-26 00:00:00,0.8785108923912048,0.8874756097793579
474,hotel_84,2023-07-27 00:00:00,0.8893632888793945,0.8806204199790955
475,hotel_84,2023-07-28 00:00:00,0.904758870601654,0.9026805758476257
476,hotel_91,2023-07-01 00:00:00,0.8993142247200012,0.9122434258460999
477,hotel_91,2023-07-02 00:00:00,0.8139441013336182,0.8578975200653076
478,hotel_91,2023-07-03 00:00:00,0.8766615390777588,0.8816365003585815
479,hotel_91,2023-07-04 00:00:00,0.9533839225769043,0.9642950296401978
480,hotel_91,2023-07-05 00:00:00,0.9652925133705139,0.9870830774307251
481,hotel_91,2023-07-06 00:00:00,0.9111312627792358,0.9105973839759827
482,hotel_91,2023-07-07 00:00:00,0.9071016907691956,0.9124652743339539
483,hotel_91,2023-07-08 00:00:00,0.9261802434921265,0.9408888220787048
484,hotel_91,2023-07-09 00:00:00,0.823185920715332,0.8755151629447937
485,hotel_91,2023-07-10 00:00:00,0.8808448314666748,0.88850998878479
486,hotel_91,2023-07-11 00:00:00,0.947908341884613,0.9618087410926819
487,hotel_91,2023-07-12 00:00:00,0.9613367915153503,0.9827703237533569
488,hotel_91,2023-07-13 00:00:00,0.8868181705474854,0.8941502571105957
489,hotel_91,2023-07-14 00:00:00,0.9026728868484497,0.9124471545219421
490,hotel_91,2023-07-15 00:00:00,0.9110881090164185,0.9334183931350708
491,hotel_91,2023-07-16 00:00:00,0.8220194578170776,0.863881528377533
492,hotel_91,2023-07-17 00:00:00,0.8823993802070618,0.8829327821731567
493,hotel_91,2023-07-18 00:00:00,0.9513817429542542,0.9586376547813416
494,hotel_91,2023-07-19 00:00:00,0.9642204642295837,0.9772056341171265
495,hotel_91,2023-07-20 00:00:00,0.895734429359436,0.8984244465827942
496,hotel_91,2023-07-21 00:00:00,0.9061315059661865,0.9191893339157104
497,hotel_91,2023-07-22 00:00:00,0.9290320873260498,0.9428897500038147
498,hotel_91,2023-07-23 00:00:00,0.8423594832420349,0.8719192147254944
499,hotel_91,2023-07-24 00:00:00,0.8844224214553833,0.8998545408248901
500,hotel_91,2023-07-25 00:00:00,0.9656314849853516,0.9670435786247253
501,hotel_91,2023-07-26 00:00:00,0.9809158444404602,0.9792470932006836
502,hotel_91,2023-07-27 00:00:00,0.908882737159729,0.89708012342453
503,hotel_91,2023-07-28 00:00:00,0.9093579649925232,0.914756178855896
504,hotel_98,2023-07-01 00:00:00,0.470844030380249,0.4281793236732483
505,hotel_98,2023-07-02 00:00:00,0.1749836504459381,0.21213173866271973
506,hotel_98,2023-07-03 00:00:00,0.12037405371665955,0.15862229466438293
507,hotel_98,2023-07-04 00:00:00,0.12253740429878235,0.17280380427837372
508,hotel_98,2023-07-05 00:00:00,0.14408788084983826,0.1779552549123764
509,hotel_98,2023-07-06 00:00:00,0.22888833284378052,0.22336052358150482
510,hotel_98,2023-07-07 00:00:00,0.3233957290649414,0.349727988243103
511,hotel_98,2023-07-08 00:00:00,0.33294612169265747,0.3470824956893921
512,hotel_98,2023-07-09 00:00:00,0.12134191393852234,0.13799269497394562
513,hotel_98,2023-07-10 00:00:00,0.1300237476825714,0.12519609928131104
514,hotel_98,2023-07-11 00:00:00,0.12405341863632202,0.13264530897140503
515,hotel_98,2023-07-12 00:00:00,0.14796853065490723,0.15153810381889343
516,hotel_98,2023-07-13 00:00:00,0.2454928159713745,0.2231544703245163
517,hotel_98,2023-07-14 00:00:00,0.2967192530632019,0.34213948249816895
518,hotel_98,2023-07-15 00:00:00,0.3240714371204376,0.32541608810424805
519,hotel_98,2023-07-16 00:00:00,0.135716050863266,0.13459765911102295
520,hotel_98,2023-07-17 00:00:00,0.1258038580417633,0.1364445835351944
521,hotel_98,2023-07-18 00:00:00,0.14383289217948914,0.1523197889328003
522,hotel_98,2023-07-19 00:00:00,0.18273067474365234,0.14855164289474487
523,hotel_98,2023-07-20 00:00:00,0.25915735960006714,0.2159101814031601
524,hotel_98,2023-07-21 00:00:00,0.3619726598262787,0.3423296809196472
525,hotel_98,2023-07-22 00:00:00,0.3604947626590729,0.3266700208187103
526,hotel_98,2023-07-23 00:00:00,0.14798405766487122,0.16019171476364136
527,hotel_98,2023-07-24 00:00:00,0.13105294108390808,0.12300967425107956
528,hotel_98,2023-07-25 00:00:00,0.1118367612361908,0.14953750371932983
529,hotel_98,2023-07-26 00:00:00,0.16369929909706116,0.1621483564376831
530,hotel_98,2023-07-27 00:00:00,0.2402442991733551,0.20769846439361572
531,hotel_98,2023-07-28 00:00:00,0.30530846118927,0.3216140866279602
