index,unique_id,ds,Naive,SeasonalNaive,AutoETS,AutoARIMA
0,hotel_0,2023-07-01 00:00:00,0.8271604938271605,0.9506172839506173,0.8542002171862775,0.8894995990534879
1,hotel_0,2023-07-02 00:00:00,0.8271604938271605,0.5061728395061729,0.6258887772485338,0.6525592801429422
2,hotel_0,2023-07-03 00:00:00,0.8271604938271605,0.5802469135802469,0.6466666000710888,0.6464262955626798
3,hotel_0,2023-07-04 00:00:00,0.8271604938271605,0.691358024691358,0.6839896656640166,0.7191560445500734
4,hotel_0,2023-07-05 00:00:00,0.8271604938271605,0.654320987654321,0.6812325870362248,0.7016716496331491
5,hotel_0,2023-07-06 00:00:00,0.8271604938271605,0.7160493827160493,0.7182355754828911,0.7304071227372064
6,hotel_0,2023-07-07 00:00:00,0.8271604938271605,0.8271604938271605,0.8220192023642633,0.7759894710696807
7,hotel_0,2023-07-08 00:00:00,0.8271604938271605,0.9506172839506173,0.8542002171862775,0.8238722128073007
8,hotel_0,2023-07-09 00:00:00,0.8271604938271605,0.5061728395061729,0.6258887772485338,0.6538732154285476
9,hotel_0,2023-07-10 00:00:00,0.8271604938271605,0.5802469135802469,0.6466666000710888,0.666945845697229
10,hotel_0,2023-07-11 00:00:00,0.8271604938271605,0.691358024691358,0.6839896656640166,0.7136211342470848
11,hotel_0,2023-07-12 00:00:00,0.8271604938271605,0.654320987654321,0.6812325870362248,0.7001372858194339
12,hotel_0,2023-07-13 00:00:00,0.8271604938271605,0.7160493827160493,0.7182355754828911,0.7222699280857443
13,hotel_0,2023-07-14 00:00:00,0.8271604938271605,0.8271604938271605,0.8220192023642633,0.7601621404026678
14,hotel_0,2023-07-15 00:00:00,0.8271604938271605,0.9506172839506173,0.8542002171862775,0.7887313318411449
15,hotel_0,2023-07-16 00:00:00,0.8271604938271605,0.5061728395061729,0.6258887772485338,0.6839832894658016
16,hotel_0,2023-07-17 00:00:00,0.8271604938271605,0.5802469135802469,0.6466666000710888,0.686991010373236
17,hotel_0,2023-07-18 00:00:00,0.8271604938271605,0.691358024691358,0.6839896656640166,0.7173302995570762
18,hotel_0,2023-07-19 00:00:00,0.8271604938271605,0.654320987654321,0.6812325870362248,0.7092908499467994
19,hotel_0,2023-07-20 00:00:00,0.8271604938271605,0.7160493827160493,0.7182355754828911,0.7224877560458105
20,hotel_0,2023-07-21 00:00:00,0.8271604938271605,0.8271604938271605,0.8220192023642633,0.7443358004916296
21,hotel_0,2023-07-22 00:00:00,0.8271604938271605,0.9506172839506173,0.8542002171862775,0.7636046528836785
22,hotel_0,2023-07-23 00:00:00,0.8271604938271605,0.5061728395061729,0.6258887772485338,0.6941036845451936
23,hotel_0,2023-07-24 00:00:00,0.8271604938271605,0.5802469135802469,0.6466666000710888,0.6977937145414845
24,hotel_0,2023-07-25 00:00:00,0.8271604938271605,0.691358024691358,0.6839896656640166,0.7173934246500844
25,hotel_0,2023-07-26 00:00:00,0.8271604938271605,0.654320987654321,0.6812325870362248,0.7119688584980944
26,hotel_0,2023-07-27 00:00:00,0.8271604938271605,0.7160493827160493,0.7182355754828911,0.720872887779435
27,hotel_0,2023-07-28 00:00:00,0.8271604938271605,0.8271604938271605,0.8220192023642633,0.7358726980163879
28,hotel_105,2023-07-01 00:00:00,1.0,0.9874213836477987,1.0476449387846933,0.9858242225962766
29,hotel_105,2023-07-02 00:00:00,1.0,0.9937106918238994,0.9616544656744862,0.9937180425997397
30,hotel_105,2023-07-03 00:00:00,1.0,1.0188679245283019,1.0073316004594441,1.0068732332877202
31,hotel_105,2023-07-04 00:00:00,1.0,1.0314465408805031,1.0373367269875087,1.0099754377931087
32,hotel_105,2023-07-05 00:00:00,1.0,1.0440251572327044,1.039713682926658,1.013415186349758
33,hotel_105,2023-07-06 00:00:00,1.0,1.0062893081761006,0.9883744022494184,1.011108367066726
34,hotel_105,2023-07-07 00:00:00,1.0,1.0,1.0078429181655375,0.988456055769161
35,hotel_105,2023-07-08 00:00:00,1.0,0.9874213836477987,1.0476449387846933,0.982561539715282
36,hotel_105,2023-07-09 00:00:00,1.0,0.9937106918238994,0.9616544656744862,0.9870102646398383
37,hotel_105,2023-07-10 00:00:00,1.0,1.0188679245283019,1.0073316004594441,0.9989562391585967
38,hotel_105,2023-07-11 00:00:00,1.0,1.0314465408805031,1.0373367269875087,1.0036422677279804
39,hotel_105,2023-07-12 00:00:00,1.0,1.0440251572327044,1.039713682926658,1.0085414267754
40,hotel_105,2023-07-13 00:00:00,1.0,1.0062893081761006,0.9883744022494184,0.9970115025353516
41,hotel_105,2023-07-14 00:00:00,1.0,1.0,1.0078429181655375,0.9869462228491361
42,hotel_105,2023-07-15 00:00:00,1.0,0.9874213836477987,1.0476449387846933,0.9808669776135654
43,hotel_105,2023-07-16 00:00:00,1.0,0.9937106918238994,0.9616544656744862,0.9849372226118231
44,hotel_105,2023-07-17 00:00:00,1.0,1.0188679245283019,1.0073316004594441,0.9932990925810391
45,hotel_105,2023-07-18 00:00:00,1.0,1.0314465408805031,1.0373367269875087,0.996111407137309
46,hotel_105,2023-07-19 00:00:00,1.0,1.0440251572327044,1.039713682926658,0.9991056562791129
47,hotel_105,2023-07-20 00:00:00,1.0,1.0062893081761006,0.9883744022494184,0.9943769303482233
48,hotel_105,2023-07-21 00:00:00,1.0,1.0,1.0078429181655375,0.9843886294327853
49,hotel_105,2023-07-22 00:00:00,1.0,0.9874213836477987,1.0476449387846933,0.9806614398256657
50,hotel_105,2023-07-23 00:00:00,1.0,0.9937106918238994,0.9616544656744862,0.9836481282914438
51,hotel_105,2023-07-24 00:00:00,1.0,1.0188679245283019,1.0073316004594441,0.990365522993021
52,hotel_105,2023-07-25 00:00:00,1.0,1.0314465408805031,1.0373367269875087,0.9929557678407583
53,hotel_105,2023-07-26 00:00:00,1.0,1.0440251572327044,1.039713682926658,0.9956748191311162
54,hotel_105,2023-07-27 00:00:00,1.0,1.0062893081761006,0.9883744022494184,0.9908445746915224
55,hotel_105,2023-07-28 00:00:00,1.0,1.0,1.0078429181655375,0.9844836393102114
56,hotel_112,2023-07-01 00:00:00,0.96875,0.75625,0.903436796126748,0.9282027722244105
57,hotel_112,2023-07-02 00:00:00,0.96875,0.7625,0.8684008104548067,0.8991028633345858
58,hotel_112,2023-07-03 00:00:00,0.96875,0.76875,0.9192479376233321,0.900878544935652
59,hotel_112,2023-07-04 00:00:00,0.96875,0.8625,0.925340831381696,0.9110678566876766
60,hotel_112,2023-07-05 00:00:00,0.96875,0.89375,0.9466445839515321,0.8977945977216957
61,hotel_112,2023-07-06 00:00:00,0.96875,1.0,0.9375921024302498,0.9137525848250179
62,hotel_112,2023-07-07 00:00:00,0.96875,0.96875,0.8993846268135793,0.8575393324770401
63,hotel_112,2023-07-08 00:00:00,0.96875,0.75625,0.903436796126748,0.8561083820584019
64,hotel_112,2023-07-09 00:00:00,0.96875,0.7625,0.8684008104548067,0.8535285868890743
65,hotel_112,2023-07-10 00:00:00,0.96875,0.76875,0.9192479376233321,0.8536831084753365
66,hotel_112,2023-07-11 00:00:00,0.96875,0.8625,0.925340831381696,0.8722295926201861
67,hotel_112,2023-07-12 00:00:00,0.96875,0.89375,0.9466445839515321,0.8767118623569202
68,hotel_112,2023-07-13 00:00:00,0.96875,1.0,0.9375921024302498,0.8985793206356159
69,hotel_112,2023-07-14 00:00:00,0.96875,0.96875,0.8993846268135793,0.8875799338575979
70,hotel_112,2023-07-15 00:00:00,0.96875,0.75625,0.903436796126748,0.8790361394891419
71,hotel_112,2023-07-16 00:00:00,0.96875,0.7625,0.8684008104548067,0.8727661529224973
72,hotel_112,2023-07-17 00:00:00,0.96875,0.76875,0.9192479376233321,0.8729292192541099
73,hotel_112,2023-07-18 00:00:00,0.96875,0.8625,0.925340831381696,0.8762318738860845
74,hotel_112,2023-07-19 00:00:00,0.96875,0.89375,0.9466445839515321,0.8738053971535522
75,hotel_112,2023-07-20 00:00:00,0.96875,1.0,0.9375921024302498,0.8785780850147905
76,hotel_112,2023-07-21 00:00:00,0.96875,0.96875,0.8993846268135793,0.8664387435764419
77,hotel_112,2023-07-22 00:00:00,0.96875,0.75625,0.903436796126748,0.8654400420686776
78,hotel_112,2023-07-23 00:00:00,0.96875,0.7625,0.8684008104548067,0.8643995708568899
79,hotel_112,2023-07-24 00:00:00,0.96875,0.76875,0.9192479376233321,0.8644093501669349
80,hotel_112,2023-07-25 00:00:00,0.96875,0.8625,0.925340831381696,0.8683394388044463
81,hotel_112,2023-07-26 00:00:00,0.96875,0.89375,0.9466445839515321,0.8690275221482799
82,hotel_112,2023-07-27 00:00:00,0.96875,1.0,0.9375921024302498,0.8737439934282576
83,hotel_112,2023-07-28 00:00:00,0.96875,0.96875,0.8993846268135793,0.8706030375816532
84,hotel_126,2023-07-01 00:00:00,0.9880478087649402,1.00398406374502,1.0118542902214969,0.9901987417586503
85,hotel_126,2023-07-02 00:00:00,0.9880478087649402,1.00398406374502,0.9755733507879766,0.9946131490617062
86,hotel_126,2023-07-03 00:00:00,0.9880478087649402,1.00398406374502,0.9547851651323187,0.995570164493363
87,hotel_126,2023-07-04 00:00:00,0.9880478087649402,0.9840637450199203,0.9503407261310395,0.9965797375995307
88,hotel_126,2023-07-05 00:00:00,0.9880478087649402,1.00398406374502,0.9556024267785894,1.0041308271292602
89,hotel_126,2023-07-06 00:00:00,0.9880478087649402,1.00398406374502,0.9474217750469447,0.9922139156884402
90,hotel_126,2023-07-07 00:00:00,0.9880478087649402,0.9880478087649402,0.9941662514370858,1.0024646823316317
91,hotel_126,2023-07-08 00:00:00,0.9880478087649402,1.00398406374502,1.0118542902214969,1.0009458816194343
92,hotel_126,2023-07-09 00:00:00,0.9880478087649402,1.00398406374502,0.9755733507879766,1.0012958835799768
93,hotel_126,2023-07-10 00:00:00,0.9880478087649402,1.00398406374502,0.9547851651323187,1.0008145127774328
94,hotel_126,2023-07-11 00:00:00,0.9880478087649402,0.9840637450199203,0.9503407261310395,0.9987395759014942
95,hotel_126,2023-07-12 00:00:00,0.9880478087649402,1.00398406374502,0.9556024267785894,1.0038066136842452
96,hotel_126,2023-07-13 00:00:00,0.9880478087649402,1.00398406374502,0.9474217750469447,0.9950782132540352
97,hotel_126,2023-07-14 00:00:00,0.9880478087649402,0.9880478087649402,0.9941662514370858,1.000927952612009
98,hotel_126,2023-07-15 00:00:00,0.9880478087649402,1.00398406374502,1.0118542902214969,1.0005880290029774
99,hotel_126,2023-07-16 00:00:00,0.9880478087649402,1.00398406374502,0.9755733507879766,1.0009734764805434
100,hotel_126,2023-07-17 00:00:00,0.9880478087649402,1.00398406374502,0.9547851651323187,1.001315313577863
101,hotel_126,2023-07-18 00:00:00,0.9880478087649402,0.9840637450199203,0.9503407261310395,0.9995637823034397
102,hotel_126,2023-07-19 00:00:00,0.9880478087649402,1.00398406374502,0.9556024267785894,1.0044007198523093
103,hotel_126,2023-07-20 00:00:00,0.9880478087649402,1.00398406374502,0.9474217750469447,0.9965696880001591
104,hotel_126,2023-07-21 00:00:00,0.9880478087649402,0.9880478087649402,0.9941662514370858,1.0020587396057903
105,hotel_126,2023-07-22 00:00:00,0.9880478087649402,1.00398406374502,1.0118542902214969,1.001397647642006
106,hotel_126,2023-07-23 00:00:00,0.9880478087649402,1.00398406374502,0.9755733507879766,1.0019304450049247
107,hotel_126,2023-07-24 00:00:00,0.9880478087649402,1.00398406374502,0.9547851651323187,1.0019218022890797
108,hotel_126,2023-07-25 00:00:00,0.9880478087649402,0.9840637450199203,0.9503407261310395,1.0006230497993103
109,hotel_126,2023-07-26 00:00:00,0.9880478087649402,1.00398406374502,0.9556024267785894,1.0044968753298529
110,hotel_126,2023-07-27 00:00:00,0.9880478087649402,1.00398406374502,0.9474217750469447,0.9980578475418991
111,hotel_126,2023-07-28 00:00:00,0.9880478087649402,0.9880478087649402,0.9941662514370858,1.002521838608536
112,hotel_133,2023-07-01 00:00:00,0.9672131147540983,1.0163934426229508,1.007238888108479,0.9868188746797321
113,hotel_133,2023-07-02 00:00:00,0.9672131147540983,0.8852459016393442,0.831348347201812,0.9083265961004361
114,hotel_133,2023-07-03 00:00:00,0.9672131147540983,0.9836065573770492,0.8643379747698856,0.9377195853945228
115,hotel_133,2023-07-04 00:00:00,0.9672131147540983,0.9836065573770492,0.8804703322953393,0.9477289863208709
116,hotel_133,2023-07-05 00:00:00,0.9672131147540983,0.9508196721311475,0.896270505707802,0.9394805050030357
117,hotel_133,2023-07-06 00:00:00,0.9672131147540983,0.9180327868852459,0.9099525050890617,0.9378063819777247
118,hotel_133,2023-07-07 00:00:00,0.9672131147540983,0.9672131147540983,0.9772698975852595,0.9735702252512781
119,hotel_133,2023-07-08 00:00:00,0.9672131147540983,1.0163934426229508,1.007238888108479,0.9930570217655679
120,hotel_133,2023-07-09 00:00:00,0.9672131147540983,0.8852459016393442,0.831348347201812,0.9129199112537629
121,hotel_133,2023-07-10 00:00:00,0.9672131147540983,0.9836065573770492,0.8643379747698856,0.9465599510889808
122,hotel_133,2023-07-11 00:00:00,0.9672131147540983,0.9836065573770492,0.8804703322953393,0.9546221981031332
123,hotel_133,2023-07-12 00:00:00,0.9672131147540983,0.9508196721311475,0.896270505707802,0.9446941317087508
124,hotel_133,2023-07-13 00:00:00,0.9672131147540983,0.9180327868852459,0.9099525050890617,0.9400372375712349
125,hotel_133,2023-07-14 00:00:00,0.9672131147540983,0.9672131147540983,0.9772698975852595,0.9739579190643392
126,hotel_133,2023-07-15 00:00:00,0.9672131147540983,1.0163934426229508,1.007238888108479,0.9917513632801953
127,hotel_133,2023-07-16 00:00:00,0.9672131147540983,0.8852459016393442,0.831348347201812,0.9185377709848492
128,hotel_133,2023-07-17 00:00:00,0.9672131147540983,0.9836065573770492,0.8643379747698856,0.9489105902299111
129,hotel_133,2023-07-18 00:00:00,0.9672131147540983,0.9836065573770492,0.8804703322953393,0.9564666394209936
130,hotel_133,2023-07-19 00:00:00,0.9672131147540983,0.9508196721311475,0.896270505707802,0.9475338485568561
131,hotel_133,2023-07-20 00:00:00,0.9672131147540983,0.9180327868852459,0.9099525050890617,0.9435515988407849
132,hotel_133,2023-07-21 00:00:00,0.9672131147540983,0.9672131147540983,0.9772698975852595,0.9747715167639563
133,hotel_133,2023-07-22 00:00:00,0.9672131147540983,1.0163934426229508,1.007238888108479,0.9912171520619049
134,hotel_133,2023-07-23 00:00:00,0.9672131147540983,0.8852459016393442,0.831348347201812,0.9235485024372978
135,hotel_133,2023-07-24 00:00:00,0.9672131147540983,0.9836065573770492,0.8643379747698856,0.9516578671995352
136,hotel_133,2023-07-25 00:00:00,0.9672131147540983,0.9836065573770492,0.8804703322953393,0.9586215780731571
137,hotel_133,2023-07-26 00:00:00,0.9672131147540983,0.9508196721311475,0.896270505707802,0.9503509771329284
138,hotel_133,2023-07-27 00:00:00,0.9672131147540983,0.9180327868852459,0.9099525050890617,0.9466419835237054
139,hotel_133,2023-07-28 00:00:00,0.9672131147540983,0.9672131147540983,0.9772698975852595,0.9754732120955943
140,hotel_14,2023-07-01 00:00:00,0.5188679245283019,0.6132075471698113,0.6313797479282144,0.5506045370049126
141,hotel_14,2023-07-02 00:00:00,0.5188679245283019,0.5660377358490566,0.41167666920525214,0.5454823650301845
142,hotel_14,2023-07-03 00:00:00,0.5188679245283019,0.5943396226415094,0.5110935090828267,0.5741431703974563
143,hotel_14,2023-07-04 00:00:00,0.5188679245283019,0.5377358490566038,0.593173474116865,0.5790333705132762
144,hotel_14,2023-07-05 00:00:00,0.5188679245283019,0.5566037735849056,0.6153958626365212,0.6270813982858455
145,hotel_14,2023-07-06 00:00:00,0.5188679245283019,0.7641509433962265,0.5718531901748021,0.6902843303015295
146,hotel_14,2023-07-07 00:00:00,0.5188679245283019,0.5188679245283019,0.5999353587828535,0.5957766217075479
147,hotel_14,2023-07-08 00:00:00,0.5188679245283019,0.6132075471698113,0.6313797479282144,0.6053388781608289
148,hotel_14,2023-07-09 00:00:00,0.5188679245283019,0.5660377358490566,0.41167666920525214,0.5759170988878252
149,hotel_14,2023-07-10 00:00:00,0.5188679245283019,0.5943396226415094,0.5110935090828267,0.59070229722374
150,hotel_14,2023-07-11 00:00:00,0.5188679245283019,0.5377358490566038,0.593173474116865,0.6005911024726586
151,hotel_14,2023-07-12 00:00:00,0.5188679245283019,0.5566037735849056,0.6153958626365212,0.6085932636452557
152,hotel_14,2023-07-13 00:00:00,0.5188679245283019,0.7641509433962265,0.5718531901748021,0.6767668831276334
153,hotel_14,2023-07-14 00:00:00,0.5188679245283019,0.5188679245283019,0.5999353587828535,0.6027352781661658
154,hotel_14,2023-07-15 00:00:00,0.5188679245283019,0.6132075471698113,0.6313797479282144,0.5991304948323667
155,hotel_14,2023-07-16 00:00:00,0.5188679245283019,0.5660377358490566,0.41167666920525214,0.5806418350092246
156,hotel_14,2023-07-17 00:00:00,0.5188679245283019,0.5943396226415094,0.5110935090828267,0.6124836755580405
157,hotel_14,2023-07-18 00:00:00,0.5188679245283019,0.5377358490566038,0.593173474116865,0.6042075787686199
158,hotel_14,2023-07-19 00:00:00,0.5188679245283019,0.5566037735849056,0.6153958626365212,0.6123209946038692
159,hotel_14,2023-07-20 00:00:00,0.5188679245283019,0.7641509433962265,0.5718531901748021,0.673166715928207
160,hotel_14,2023-07-21 00:00:00,0.5188679245283019,0.5188679245283019,0.5999353587828535,0.6093940215150407
161,hotel_14,2023-07-22 00:00:00,0.5188679245283019,0.6132075471698113,0.6313797479282144,0.6034801700961943
162,hotel_14,2023-07-23 00:00:00,0.5188679245283019,0.5660377358490566,0.41167666920525214,0.6073931400862754
163,hotel_14,2023-07-24 00:00:00,0.5188679245283019,0.5943396226415094,0.5110935090828267,0.6127157854098425
164,hotel_14,2023-07-25 00:00:00,0.5188679245283019,0.5377358490566038,0.593173474116865,0.6044436181749044
165,hotel_14,2023-07-26 00:00:00,0.5188679245283019,0.5566037735849056,0.6153958626365212,0.6270291488383045
166,hotel_14,2023-07-27 00:00:00,0.5188679245283019,0.7641509433962265,0.5718531901748021,0.6573742014921696
167,hotel_14,2023-07-28 00:00:00,0.5188679245283019,0.5188679245283019,0.5999353587828535,0.6070353875583183
168,hotel_21,2023-07-01 00:00:00,0.9074074074074074,1.0,0.9374724566382746,0.9279539564813695
169,hotel_21,2023-07-02 00:00:00,0.9074074074074074,0.9166666666666666,0.8925108438409023,0.924042332493099
170,hotel_21,2023-07-03 00:00:00,0.9074074074074074,0.9861111111111112,0.8990211303789145,0.9400076670316554
171,hotel_21,2023-07-04 00:00:00,0.9074074074074074,1.0,0.918408758492784,0.9473052982521817
172,hotel_21,2023-07-05 00:00:00,0.9074074074074074,0.9953703703703703,0.9304247578312299,0.9507103084653015
173,hotel_21,2023-07-06 00:00:00,0.9074074074074074,0.9907407407407407,0.9322109167784918,0.9537119537265648
174,hotel_21,2023-07-07 00:00:00,0.9074074074074074,0.9074074074074074,0.919860566496805,0.9429613982068581
175,hotel_21,2023-07-08 00:00:00,0.9074074074074074,1.0,0.9374724566382746,0.9537524529874881
176,hotel_21,2023-07-09 00:00:00,0.9074074074074074,0.9166666666666666,0.8925108438409023,0.9463063337921742
177,hotel_21,2023-07-10 00:00:00,0.9074074074074074,0.9861111111111112,0.8990211303789145,0.9561303928293887
178,hotel_21,2023-07-11 00:00:00,0.9074074074074074,1.0,0.918408758492784,0.9601939653142919
179,hotel_21,2023-07-12 00:00:00,0.9074074074074074,0.9953703703703703,0.9304247578312299,0.9605827402645649
180,hotel_21,2023-07-13 00:00:00,0.9074074074074074,0.9907407407407407,0.9322109167784918,0.9607639608488331
181,hotel_21,2023-07-14 00:00:00,0.9074074074074074,0.9074074074074074,0.919860566496805,0.9498018800156507
182,hotel_21,2023-07-15 00:00:00,0.9074074074074074,1.0,0.9374724566382746,0.9527077649948608
183,hotel_21,2023-07-16 00:00:00,0.9074074074074074,0.9166666666666666,0.8925108438409023,0.9537645387073107
184,hotel_21,2023-07-17 00:00:00,0.9074074074074074,0.9861111111111112,0.8990211303789145,0.9556047030264195
185,hotel_21,2023-07-18 00:00:00,0.9074074074074074,1.0,0.918408758492784,0.9559999344983703
186,hotel_21,2023-07-19 00:00:00,0.9074074074074074,0.9953703703703703,0.9304247578312299,0.9572167856583695
187,hotel_21,2023-07-20 00:00:00,0.9074074074074074,0.9907407407407407,0.9322109167784918,0.9572651186154534
188,hotel_21,2023-07-21 00:00:00,0.9074074074074074,0.9074074074074074,0.919860566496805,0.9581098781286833
189,hotel_21,2023-07-22 00:00:00,0.9074074074074074,1.0,0.9374724566382746,0.9579848185710723
190,hotel_21,2023-07-23 00:00:00,0.9074074074074074,0.9166666666666666,0.8925108438409023,0.9586011147536118
191,hotel_21,2023-07-24 00:00:00,0.9074074074074074,0.9861111111111112,0.8990211303789145,0.9583973812618565
192,hotel_21,2023-07-25 00:00:00,0.9074074074074074,1.0,0.918408758492784,0.9588681720226446
193,hotel_21,2023-07-26 00:00:00,0.9074074074074074,0.9953703703703703,0.9304247578312299,0.9586366161434356
194,hotel_21,2023-07-27 00:00:00,0.9074074074074074,0.9907407407407407,0.9322109167784918,0.9590105427183914
195,hotel_21,2023-07-28 00:00:00,0.9074074074074074,0.9074074074074074,0.919860566496805,0.9587776928525416
196,hotel_28,2023-07-01 00:00:00,0.6083333333333333,0.008333333333333333,0.45199125065461343,0.42155823011429544
197,hotel_28,2023-07-02 00:00:00,0.6083333333333333,0.008333333333333333,0.45545059670535654,0.2946640323508257
198,hotel_28,2023-07-03 00:00:00,0.6083333333333333,0.008333333333333333,0.45785080226028074,0.22661964724055847
199,hotel_28,2023-07-04 00:00:00,0.6083333333333333,0.008333333333333333,0.45833833177651623,0.15960648371738273
200,hotel_28,2023-07-05 00:00:00,0.6083333333333333,0.13333333333333333,0.46876029319256635,0.1515273842044042
201,hotel_28,2023-07-06 00:00:00,0.6083333333333333,0.4166666666666667,0.4870731932971186,0.18719617204363614
202,hotel_28,2023-07-07 00:00:00,0.6083333333333333,0.6083333333333333,0.4855707064349663,0.21617806804712825
203,hotel_28,2023-07-08 00:00:00,0.6083333333333333,0.008333333333333333,0.45199125065461343,0.20598218606629887
204,hotel_28,2023-07-09 00:00:00,0.6083333333333333,0.008333333333333333,0.45545059670535654,0.19963726713529178
205,hotel_28,2023-07-10 00:00:00,0.6083333333333333,0.008333333333333333,0.45785080226028074,0.19577076770013527
206,hotel_28,2023-07-11 00:00:00,0.6083333333333333,0.008333333333333333,0.45833833177651623,0.1902587108587492
207,hotel_28,2023-07-12 00:00:00,0.6083333333333333,0.13333333333333333,0.46876029319256635,0.21254937342988725
208,hotel_28,2023-07-13 00:00:00,0.6083333333333333,0.4166666666666667,0.4870731932971186,0.26771379612225427
209,hotel_28,2023-07-14 00:00:00,0.6083333333333333,0.6083333333333333,0.4855707064349663,0.305784491585419
210,hotel_28,2023-07-15 00:00:00,0.6083333333333333,0.008333333333333333,0.45199125065461343,0.27043225812483024
211,hotel_28,2023-07-16 00:00:00,0.6083333333333333,0.008333333333333333,0.45545059670535654,0.24581591262315775
212,hotel_28,2023-07-17 00:00:00,0.6083333333333333,0.008333333333333333,0.45785080226028074,0.232625415119576
213,hotel_28,2023-07-18 00:00:00,0.6083333333333333,0.008333333333333333,0.45833833177651623,0.22006558842341353
214,hotel_28,2023-07-19 00:00:00,0.6083333333333333,0.13333333333333333,0.46876029319256635,0.23703857598505138
215,hotel_28,2023-07-20 00:00:00,0.6083333333333333,0.4166666666666667,0.4870731932971186,0.28549057990735716
216,hotel_28,2023-07-21 00:00:00,0.6083333333333333,0.6083333333333333,0.4855707064349663,0.31959047703503524
217,hotel_28,2023-07-22 00:00:00,0.6083333333333333,0.008333333333333333,0.45199125065461343,0.29071091063042465
218,hotel_28,2023-07-23 00:00:00,0.6083333333333333,0.008333333333333333,0.45545059670535654,0.2706221256335282
219,hotel_28,2023-07-24 00:00:00,0.6083333333333333,0.008333333333333333,0.45785080226028074,0.25975719567016403
220,hotel_28,2023-07-25 00:00:00,0.6083333333333333,0.008333333333333333,0.45833833177651623,0.24912618650300905
221,hotel_28,2023-07-26 00:00:00,0.6083333333333333,0.13333333333333333,0.46876029319256635,0.26500429833350864
222,hotel_28,2023-07-27 00:00:00,0.6083333333333333,0.4166666666666667,0.4870731932971186,0.3095181220895752
223,hotel_28,2023-07-28 00:00:00,0.6083333333333333,0.6083333333333333,0.4855707064349663,0.3407657341522771
224,hotel_35,2023-07-01 00:00:00,0.6953125,0.72265625,0.6292694250088536,0.652510720739337
225,hotel_35,2023-07-02 00:00:00,0.6953125,0.7421875,0.6360961863349548,0.668938409153805
226,hotel_35,2023-07-03 00:00:00,0.6953125,0.8359375,0.7007579328410402,0.7484180134795377
227,hotel_35,2023-07-04 00:00:00,0.6953125,0.919921875,0.7310379917733547,0.7678017323907161
228,hotel_35,2023-07-05 00:00:00,0.6953125,0.89453125,0.7399312751356641,0.7497543349341904
229,hotel_35,2023-07-06 00:00:00,0.6953125,0.8046875,0.7354116134287024,0.7388200260748604
230,hotel_35,2023-07-07 00:00:00,0.6953125,0.6953125,0.689404874603085,0.7258436859595224
231,hotel_35,2023-07-08 00:00:00,0.6953125,0.72265625,0.6292694250088536,0.6988311235835566
232,hotel_35,2023-07-09 00:00:00,0.6953125,0.7421875,0.6360961863349548,0.7177949363964718
233,hotel_35,2023-07-10 00:00:00,0.6953125,0.8359375,0.7007579328410402,0.7701346790939754
234,hotel_35,2023-07-11 00:00:00,0.6953125,0.919921875,0.7310379917733547,0.7738902790373624
235,hotel_35,2023-07-12 00:00:00,0.6953125,0.89453125,0.7399312751356641,0.7549771524515233
236,hotel_35,2023-07-13 00:00:00,0.6953125,0.8046875,0.7354116134287024,0.7525494191696215
237,hotel_35,2023-07-14 00:00:00,0.6953125,0.6953125,0.689404874603085,0.7451950854177093
238,hotel_35,2023-07-15 00:00:00,0.6953125,0.72265625,0.6292694250088536,0.7184773148862983
239,hotel_35,2023-07-16 00:00:00,0.6953125,0.7421875,0.6360961863349548,0.7206680820917659
240,hotel_35,2023-07-17 00:00:00,0.6953125,0.8359375,0.7007579328410402,0.7588107020664612
241,hotel_35,2023-07-18 00:00:00,0.6953125,0.919921875,0.7310379917733547,0.7647772811795438
242,hotel_35,2023-07-19 00:00:00,0.6953125,0.89453125,0.7399312751356641,0.7595555652391945
243,hotel_35,2023-07-20 00:00:00,0.6953125,0.8046875,0.7354116134287024,0.7667194356660492
244,hotel_35,2023-07-21 00:00:00,0.6953125,0.6953125,0.689404874603085,0.758412093740782
245,hotel_35,2023-07-22 00:00:00,0.6953125,0.72265625,0.6292694250088536,0.7240714633875419
246,hotel_35,2023-07-23 00:00:00,0.6953125,0.7421875,0.6360961863349548,0.7202544098382533
247,hotel_35,2023-07-24 00:00:00,0.6953125,0.8359375,0.7007579328410402,0.7582583844406792
248,hotel_35,2023-07-25 00:00:00,0.6953125,0.919921875,0.7310379917733547,0.7712798953106039
249,hotel_35,2023-07-26 00:00:00,0.6953125,0.89453125,0.7399312751356641,0.7708391359923195
250,hotel_35,2023-07-27 00:00:00,0.6953125,0.8046875,0.7354116134287024,0.77504256632342
251,hotel_35,2023-07-28 00:00:00,0.6953125,0.6953125,0.689404874603085,0.7612338927694539
252,hotel_42,2023-07-01 00:00:00,0.7611336032388664,0.902834008097166,0.9032813225244133,0.7751276091367173
253,hotel_42,2023-07-02 00:00:00,0.7611336032388664,0.38461538461538464,0.5510395344140244,0.5139804523067291
254,hotel_42,2023-07-03 00:00:00,0.7611336032388664,0.7246963562753036,0.6371076666006144,0.6189805510215284
255,hotel_42,2023-07-04 00:00:00,0.7611336032388664,0.97165991902834,0.7508310356294376,0.7244850381851082
256,hotel_42,2023-07-05 00:00:00,0.7611336032388664,0.8947368421052632,0.729934100857925,0.779950505949751
257,hotel_42,2023-07-06 00:00:00,0.7611336032388664,0.7732793522267206,0.7286381490529169,0.7096348822380882
258,hotel_42,2023-07-07 00:00:00,0.7611336032388664,0.7611336032388664,0.7949672543119111,0.7367781583186492
259,hotel_42,2023-07-08 00:00:00,0.7611336032388664,0.902834008097166,0.9032813225244133,0.7427227305156219
260,hotel_42,2023-07-09 00:00:00,0.7611336032388664,0.38461538461538464,0.5510395344140244,0.557609406428709
261,hotel_42,2023-07-10 00:00:00,0.7611336032388664,0.7246963562753036,0.6371076666006144,0.6653602842284242
262,hotel_42,2023-07-11 00:00:00,0.7611336032388664,0.97165991902834,0.7508310356294376,0.7496561887446311
263,hotel_42,2023-07-12 00:00:00,0.7611336032388664,0.8947368421052632,0.729934100857925,0.7416572027452681
264,hotel_42,2023-07-13 00:00:00,0.7611336032388664,0.7732793522267206,0.7286381490529169,0.6963900774589553
265,hotel_42,2023-07-14 00:00:00,0.7611336032388664,0.7611336032388664,0.7949672543119111,0.6989275351143955
266,hotel_42,2023-07-15 00:00:00,0.7611336032388664,0.902834008097166,0.9032813225244133,0.7036971634129743
267,hotel_42,2023-07-16 00:00:00,0.7611336032388664,0.38461538461538464,0.5510395344140244,0.5993552502907592
268,hotel_42,2023-07-17 00:00:00,0.7611336032388664,0.7246963562753036,0.6371076666006144,0.6481961784790974
269,hotel_42,2023-07-18 00:00:00,0.7611336032388664,0.97165991902834,0.7508310356294376,0.6923163898267846
270,hotel_42,2023-07-19 00:00:00,0.7611336032388664,0.8947368421052632,0.729934100857925,0.7046972137544588
271,hotel_42,2023-07-20 00:00:00,0.7611336032388664,0.7732793522267206,0.7286381490529169,0.6775483303242341
272,hotel_42,2023-07-21 00:00:00,0.7611336032388664,0.7611336032388664,0.7949672543119111,0.6849408373263632
273,hotel_42,2023-07-22 00:00:00,0.7611336032388664,0.902834008097166,0.9032813225244133,0.6874309000490751
274,hotel_42,2023-07-23 00:00:00,0.7611336032388664,0.38461538461538464,0.5510395344140244,0.6190237868855434
275,hotel_42,2023-07-24 00:00:00,0.7611336032388664,0.7246963562753036,0.6371076666006144,0.6563835511144954
276,hotel_42,2023-07-25 00:00:00,0.7611336032388664,0.97165991902834,0.7508310356294376,0.6868327515364225
277,hotel_42,2023-07-26 00:00:00,0.7611336032388664,0.8947368421052632,0.729934100857925,0.6873680112624317
278,hotel_42,2023-07-27 00:00:00,0.7611336032388664,0.7732793522267206,0.7286381490529169,0.6703022807844596
279,hotel_42,2023-07-28 00:00:00,0.7611336032388664,0.7611336032388664,0.7949672543119111,0.6724724216994006
280,hotel_49,2023-07-01 00:00:00,0.6593886462882096,0.7248908296943232,0.6839418195615334,0.6719887214962098
281,hotel_49,2023-07-02 00:00:00,0.6593886462882096,0.62882096069869,0.5926478686252441,0.6408068126513622
282,hotel_49,2023-07-03 00:00:00,0.6593886462882096,0.6724890829694323,0.5837932107051336,0.6475015626074981
283,hotel_49,2023-07-04 00:00:00,0.6593886462882096,0.7074235807860262,0.6097205843392374,0.6888852688657342
284,hotel_49,2023-07-05 00:00:00,0.6593886462882096,0.7030567685589519,0.609301843976113,0.6813060750220953
285,hotel_49,2023-07-06 00:00:00,0.6593886462882096,0.6593886462882096,0.6212854241116265,0.6492388368118244
286,hotel_49,2023-07-07 00:00:00,0.6593886462882096,0.6593886462882096,0.6726086341271953,0.6723491716869702
287,hotel_49,2023-07-08 00:00:00,0.6593886462882096,0.7248908296943232,0.6839418195615334,0.6879529535002857
288,hotel_49,2023-07-09 00:00:00,0.6593886462882096,0.62882096069869,0.5926478686252441,0.6546611463073397
289,hotel_49,2023-07-10 00:00:00,0.6593886462882096,0.6724890829694323,0.5837932107051336,0.6573423687371469
290,hotel_49,2023-07-11 00:00:00,0.6593886462882096,0.7074235807860262,0.6097205843392374,0.6842190896878125
291,hotel_49,2023-07-12 00:00:00,0.6593886462882096,0.7030567685589519,0.609301843976113,0.6786197322201585
292,hotel_49,2023-07-13 00:00:00,0.6593886462882096,0.6593886462882096,0.6212854241116265,0.6545526101115312
293,hotel_49,2023-07-14 00:00:00,0.6593886462882096,0.6593886462882096,0.6726086341271953,0.6667915709181156
294,hotel_49,2023-07-15 00:00:00,0.6593886462882096,0.7248908296943232,0.6839418195615334,0.6808481078746728
295,hotel_49,2023-07-16 00:00:00,0.6593886462882096,0.62882096069869,0.5926478686252441,0.6605758576455062
296,hotel_49,2023-07-17 00:00:00,0.6593886462882096,0.6724890829694323,0.5837932107051336,0.6563005431340642
297,hotel_49,2023-07-18 00:00:00,0.6593886462882096,0.7074235807860262,0.6097205843392374,0.6782480126913744
298,hotel_49,2023-07-19 00:00:00,0.6593886462882096,0.7030567685589519,0.609301843976113,0.6762192604889153
299,hotel_49,2023-07-20 00:00:00,0.6593886462882096,0.6593886462882096,0.6212854241116265,0.6568705924405908
300,hotel_49,2023-07-21 00:00:00,0.6593886462882096,0.6593886462882096,0.6726086341271953,0.666335254046344
301,hotel_49,2023-07-22 00:00:00,0.6593886462882096,0.7248908296943232,0.6839418195615334,0.6798186571569675
302,hotel_49,2023-07-23 00:00:00,0.6593886462882096,0.62882096069869,0.5926478686252441,0.6649349227109138
303,hotel_49,2023-07-24 00:00:00,0.6593886462882096,0.6724890829694323,0.5837932107051336,0.6586316006246514
304,hotel_49,2023-07-25 00:00:00,0.6593886462882096,0.7074235807860262,0.6097205843392374,0.6746269531886668
305,hotel_49,2023-07-26 00:00:00,0.6593886462882096,0.7030567685589519,0.609301843976113,0.6754803046055352
306,hotel_49,2023-07-27 00:00:00,0.6593886462882096,0.6593886462882096,0.6212854241116265,0.6601601305110519
307,hotel_49,2023-07-28 00:00:00,0.6593886462882096,0.6593886462882096,0.6726086341271953,0.6649239279036796
308,hotel_56,2023-07-01 00:00:00,0.9583333333333334,1.0083333333333333,0.9925455493849095,0.9635638092744366
309,hotel_56,2023-07-02 00:00:00,0.9583333333333334,1.0,0.8606684284098138,0.925839766267819
310,hotel_56,2023-07-03 00:00:00,0.9583333333333334,1.0,0.8900671345173036,0.941223834864202
311,hotel_56,2023-07-04 00:00:00,0.9583333333333334,1.0166666666666666,0.9308419251938161,0.9718535669694425
312,hotel_56,2023-07-05 00:00:00,0.9583333333333334,0.9833333333333333,0.945708146876643,0.9504739352883846
313,hotel_56,2023-07-06 00:00:00,0.9583333333333334,0.8666666666666667,0.9464530711739031,0.9093179238701902
314,hotel_56,2023-07-07 00:00:00,0.9583333333333334,0.9583333333333334,0.9756082297946995,0.946797530449059
315,hotel_56,2023-07-08 00:00:00,0.9583333333333334,1.0083333333333333,0.9925455493849095,0.9552241691275157
316,hotel_56,2023-07-09 00:00:00,0.9583333333333334,1.0,0.8606684284098138,0.9423441972667019
317,hotel_56,2023-07-10 00:00:00,0.9583333333333334,1.0,0.8900671345173036,0.9470258034537906
318,hotel_56,2023-07-11 00:00:00,0.9583333333333334,1.0166666666666666,0.9308419251938161,0.9591001433124998
319,hotel_56,2023-07-12 00:00:00,0.9583333333333334,0.9833333333333333,0.945708146876643,0.9470961804703139
320,hotel_56,2023-07-13 00:00:00,0.9583333333333334,0.8666666666666667,0.9464530711739031,0.9153471780434692
321,hotel_56,2023-07-14 00:00:00,0.9583333333333334,0.9583333333333334,0.9756082297946995,0.9418590463179446
322,hotel_56,2023-07-15 00:00:00,0.9583333333333334,1.0083333333333333,0.9925455493849095,0.9452877437955114
323,hotel_56,2023-07-16 00:00:00,0.9583333333333334,1.0,0.8606684284098138,0.9351522333810327
324,hotel_56,2023-07-17 00:00:00,0.9583333333333334,1.0,0.8900671345173036,0.9391115168610925
325,hotel_56,2023-07-18 00:00:00,0.9583333333333334,1.0166666666666666,0.9308419251938161,0.9478334748676747
326,hotel_56,2023-07-19 00:00:00,0.9583333333333334,0.9833333333333333,0.945708146876643,0.9406558287336717
327,hotel_56,2023-07-20 00:00:00,0.9583333333333334,0.8666666666666667,0.9464530711739031,0.9242056707494534
328,hotel_56,2023-07-21 00:00:00,0.9583333333333334,0.9583333333333334,0.9756082297946995,0.9384547192066276
329,hotel_56,2023-07-22 00:00:00,0.9583333333333334,1.0083333333333333,0.9925455493849095,0.9408868181588285
330,hotel_56,2023-07-23 00:00:00,0.9583333333333334,1.0,0.8606684284098138,0.9356778697693328
331,hotel_56,2023-07-24 00:00:00,0.9583333333333334,1.0,0.8900671345173036,0.9376550834010632
332,hotel_56,2023-07-25 00:00:00,0.9583333333333334,1.0166666666666666,0.9308419251938161,0.9423006639467704
333,hotel_56,2023-07-26 00:00:00,0.9583333333333334,0.9833333333333333,0.945708146876643,0.9381372462597712
334,hotel_56,2023-07-27 00:00:00,0.9583333333333334,0.8666666666666667,0.9464530711739031,0.9278976185433755
335,hotel_56,2023-07-28 00:00:00,0.9583333333333334,0.9583333333333334,0.9756082297946995,0.9366043166173872
336,hotel_63,2023-07-01 00:00:00,0.8666666666666667,0.84,0.9803791992927995,0.8450817638099264
337,hotel_63,2023-07-02 00:00:00,0.8666666666666667,0.6311111111111111,0.6876373033360524,0.7402787161076145
338,hotel_63,2023-07-03 00:00:00,0.8666666666666667,0.8444444444444444,0.6973042213002638,0.7775220825927083
339,hotel_63,2023-07-04 00:00:00,0.8666666666666667,0.8844444444444445,0.7684167563084241,0.8180154642068924
340,hotel_63,2023-07-05 00:00:00,0.8666666666666667,0.8266666666666667,0.7828406068386752,0.804733890175952
341,hotel_63,2023-07-06 00:00:00,0.8666666666666667,0.8844444444444445,0.7880687369130603,0.8707604286278279
342,hotel_63,2023-07-07 00:00:00,0.8666666666666667,0.8666666666666667,0.9294303771007073,0.8891805963104842
343,hotel_63,2023-07-08 00:00:00,0.8666666666666667,0.84,0.9803791992927995,0.8372606739642247
344,hotel_63,2023-07-09 00:00:00,0.8666666666666667,0.6311111111111111,0.6876373033360524,0.7410501044669796
345,hotel_63,2023-07-10 00:00:00,0.8666666666666667,0.8444444444444444,0.6973042213002638,0.8145216196858857
346,hotel_63,2023-07-11 00:00:00,0.8666666666666667,0.8844444444444445,0.7684167563084241,0.8393902842927772
347,hotel_63,2023-07-12 00:00:00,0.8666666666666667,0.8266666666666667,0.7828406068386752,0.817971785133653
348,hotel_63,2023-07-13 00:00:00,0.8666666666666667,0.8844444444444445,0.7880687369130603,0.8572037028438262
349,hotel_63,2023-07-14 00:00:00,0.8666666666666667,0.8666666666666667,0.9294303771007073,0.8585443089096477
350,hotel_63,2023-07-15 00:00:00,0.8666666666666667,0.84,0.9803791992927995,0.8347930300772225
351,hotel_63,2023-07-16 00:00:00,0.8666666666666667,0.6311111111111111,0.6876373033360524,0.7719700972046953
352,hotel_63,2023-07-17 00:00:00,0.8666666666666667,0.8444444444444444,0.6973042213002638,0.8081490906556322
353,hotel_63,2023-07-18 00:00:00,0.8666666666666667,0.8844444444444445,0.7684167563084241,0.8285898725493328
354,hotel_63,2023-07-19 00:00:00,0.8666666666666667,0.8266666666666667,0.7828406068386752,0.817680556951697
355,hotel_63,2023-07-20 00:00:00,0.8666666666666667,0.8844444444444445,0.7880687369130603,0.8503469904247969
356,hotel_63,2023-07-21 00:00:00,0.8666666666666667,0.8666666666666667,0.9294303771007073,0.8563236142406705
357,hotel_63,2023-07-22 00:00:00,0.8666666666666667,0.84,0.9803791992927995,0.8334636427200548
358,hotel_63,2023-07-23 00:00:00,0.8666666666666667,0.6311111111111111,0.6876373033360524,0.7844740404122968
359,hotel_63,2023-07-24 00:00:00,0.8666666666666667,0.8444444444444444,0.6973042213002638,0.8182164178764457
360,hotel_63,2023-07-25 00:00:00,0.8666666666666667,0.8844444444444445,0.7684167563084241,0.8325879036938477
361,hotel_63,2023-07-26 00:00:00,0.8666666666666667,0.8266666666666667,0.7828406068386752,0.8229049234234225
362,hotel_63,2023-07-27 00:00:00,0.8666666666666667,0.8844444444444445,0.7880687369130603,0.845600466428672
363,hotel_63,2023-07-28 00:00:00,0.8666666666666667,0.8666666666666667,0.9294303771007073,0.848252301039358
364,hotel_7,2023-07-01 00:00:00,0.6498371335504886,0.33876221498371334,0.5457642936703118,0.5522274270666416
365,hotel_7,2023-07-02 00:00:00,0.6498371335504886,0.3289902280130293,0.5430374387873832,0.5252246839507193
366,hotel_7,2023-07-03 00:00:00,0.6498371335504886,0.247557003257329,0.4637377159463534,0.43396120310454844
367,hotel_7,2023-07-04 00:00:00,0.6498371335504886,0.28664495114006516,0.4243802960305859,0.4303527999164436
368,hotel_7,2023-07-05 00:00:00,0.6498371335504886,0.44788273615635177,0.5633527663149532,0.5633510911979116
369,hotel_7,2023-07-06 00:00:00,0.6498371335504886,0.5521172638436482,0.6155609588078044,0.6137799131227757
370,hotel_7,2023-07-07 00:00:00,0.6498371335504886,0.6498371335504886,0.6528037675091977,0.6705347335352996
371,hotel_7,2023-07-08 00:00:00,0.6498371335504886,0.33876221498371334,0.5457642936703118,0.5592313532851673
372,hotel_7,2023-07-09 00:00:00,0.6498371335504886,0.3289902280130293,0.5430374387873832,0.5339434453123177
373,hotel_7,2023-07-10 00:00:00,0.6498371335504886,0.247557003257329,0.4637377159463534,0.4476978768270271
374,hotel_7,2023-07-11 00:00:00,0.6498371335504886,0.28664495114006516,0.4243802960305859,0.43636709628355674
375,hotel_7,2023-07-12 00:00:00,0.6498371335504886,0.44788273615635177,0.5633527663149532,0.5650265617864881
376,hotel_7,2023-07-13 00:00:00,0.6498371335504886,0.5521172638436482,0.6155609588078044,0.6051141561579673
377,hotel_7,2023-07-14 00:00:00,0.6498371335504886,0.6498371335504886,0.6528037675091977,0.6558899128431043
378,hotel_7,2023-07-15 00:00:00,0.6498371335504886,0.33876221498371334,0.5457642936703118,0.5452497937829784
379,hotel_7,2023-07-16 00:00:00,0.6498371335504886,0.3289902280130293,0.5430374387873832,0.5222151197769915
380,hotel_7,2023-07-17 00:00:00,0.6498371335504886,0.247557003257329,0.4637377159463534,0.43783076276815575
381,hotel_7,2023-07-18 00:00:00,0.6498371335504886,0.28664495114006516,0.4243802960305859,0.428084209675376
382,hotel_7,2023-07-19 00:00:00,0.6498371335504886,0.44788273615635177,0.5633527663149532,0.5580618903015917
383,hotel_7,2023-07-20 00:00:00,0.6498371335504886,0.5521172638436482,0.6155609588078044,0.5992653139440702
384,hotel_7,2023-07-21 00:00:00,0.6498371335504886,0.6498371335504886,0.6528037675091977,0.6509734301141337
385,hotel_7,2023-07-22 00:00:00,0.6498371335504886,0.33876221498371334,0.5457642936703118,0.5411200294910866
386,hotel_7,2023-07-23 00:00:00,0.6498371335504886,0.3289902280130293,0.5430374387873832,0.5187442910274915
387,hotel_7,2023-07-24 00:00:00,0.6498371335504886,0.247557003257329,0.4637377159463534,0.43491493490739175
388,hotel_7,2023-07-25 00:00:00,0.6498371335504886,0.28664495114006516,0.4243802960305859,0.4256338715884762
389,hotel_7,2023-07-26 00:00:00,0.6498371335504886,0.44788273615635177,0.5633527663149532,0.556003215273968
390,hotel_7,2023-07-27 00:00:00,0.6498371335504886,0.5521172638436482,0.6155609588078044,0.597535390360607
391,hotel_7,2023-07-28 00:00:00,0.6498371335504886,0.6498371335504886,0.6528037675091977,0.6495199549973972
392,hotel_70,2023-07-01 00:00:00,0.8377192982456141,0.7982456140350878,0.8744535315777295,0.9166524283010028
393,hotel_70,2023-07-02 00:00:00,0.8377192982456141,0.6535087719298246,0.7574362228068356,0.8421395429845357
394,hotel_70,2023-07-03 00:00:00,0.8377192982456141,0.7105263157894737,0.7574322673244427,0.8403352090340725
395,hotel_70,2023-07-04 00:00:00,0.8377192982456141,0.7105263157894737,0.7564759271000756,0.8514310061147851
396,hotel_70,2023-07-05 00:00:00,0.8377192982456141,0.75,0.7477110455519981,0.8486644778816319
397,hotel_70,2023-07-06 00:00:00,0.8377192982456141,0.7587719298245614,0.7778270965392885,0.8503784413652783
398,hotel_70,2023-07-07 00:00:00,0.8377192982456141,0.8377192982456141,0.8384043030588617,0.9027901029871372
399,hotel_70,2023-07-08 00:00:00,0.8377192982456141,0.7982456140350878,0.8744535315777295,0.9736899765268874
400,hotel_70,2023-07-09 00:00:00,0.8377192982456141,0.6535087719298246,0.7574362228068356,0.9079736328439907
401,hotel_70,2023-07-10 00:00:00,0.8377192982456141,0.7105263157894737,0.7574322673244427,0.9233947498723726
402,hotel_70,2023-07-11 00:00:00,0.8377192982456141,0.7105263157894737,0.7564759271000756,0.9271222564113049
403,hotel_70,2023-07-12 00:00:00,0.8377192982456141,0.75,0.7477110455519981,0.9372886698700742
404,hotel_70,2023-07-13 00:00:00,0.8377192982456141,0.7587719298245614,0.7778270965392885,0.9403301890480952
405,hotel_70,2023-07-14 00:00:00,0.8377192982456141,0.8377192982456141,0.8384043030588617,0.9801288834467246
406,hotel_70,2023-07-15 00:00:00,0.8377192982456141,0.7982456140350878,0.8744535315777295,1.026134479564066
407,hotel_70,2023-07-16 00:00:00,0.8377192982456141,0.6535087719298246,0.7574362228068356,0.9831127333903573
408,hotel_70,2023-07-17 00:00:00,0.8377192982456141,0.7105263157894737,0.7574322673244427,0.9877860952654474
409,hotel_70,2023-07-18 00:00:00,0.8377192982456141,0.7105263157894737,0.7564759271000756,0.9921572653199103
410,hotel_70,2023-07-19 00:00:00,0.8377192982456141,0.75,0.7477110455519981,0.9947949028499179
411,hotel_70,2023-07-20 00:00:00,0.8377192982456141,0.7587719298245614,0.7778270965392885,0.9962984505840662
412,hotel_70,2023-07-21 00:00:00,0.8377192982456141,0.8377192982456141,0.8384043030588617,1.0244009470396105
413,hotel_70,2023-07-22 00:00:00,0.8377192982456141,0.7982456140350878,0.8744535315777295,1.0597854980481194
414,hotel_70,2023-07-23 00:00:00,0.8377192982456141,0.6535087719298246,0.7574362228068356,1.0268603940975771
415,hotel_70,2023-07-24 00:00:00,0.8377192982456141,0.7105263157894737,0.7574322673244427,1.032765132904983
416,hotel_70,2023-07-25 00:00:00,0.8377192982456141,0.7105263157894737,0.7564759271000756,1.0352813556105152
417,hotel_70,2023-07-26 00:00:00,0.8377192982456141,0.75,0.7477110455519981,1.039025152876424
418,hotel_70,2023-07-27 00:00:00,0.8377192982456141,0.7587719298245614,0.7778270965392885,1.0403852039477872
419,hotel_70,2023-07-28 00:00:00,0.8377192982456141,0.8377192982456141,0.8384043030588617,1.061013072608496
420,hotel_77,2022-12-27 00:00:00,0.0,0.0,0.0035630841445453646,-1.2446955489764206e-05
421,hotel_77,2022-12-28 00:00:00,0.0,0.0,0.00581562560026991,-1.2047356872243249e-05
422,hotel_77,2022-12-29 00:00:00,0.0,0.0,0.005317902589235404,-2.7492678687583056e-05
423,hotel_77,2022-12-30 00:00:00,0.0,0.0,0.002691648062137224,-2.9582608076822133e-05
424,hotel_77,2022-12-31 00:00:00,0.0,0.0,-0.00041973892537173953,-3.0852632370186294e-05
425,hotel_77,2023-01-01 00:00:00,0.0,0.0,-0.0018347077914180002,-2.303311803148478e-05
426,hotel_77,2023-01-02 00:00:00,0.0,0.0,-0.00034077666382860763,-2.4898929571888873e-05
427,hotel_77,2023-01-03 00:00:00,0.0,0.0,0.0037185298128244284,-3.2397305994215374e-05
428,hotel_77,2023-01-04 00:00:00,0.0,0.0,0.00596795338053469,-3.651324848173932e-05
429,hotel_77,2023-01-05 00:00:00,0.0,0.0,0.005467175019257311,-4.396335541335268e-05
430,hotel_77,2023-01-06 00:00:00,0.0,0.0,0.0028379264253216244,-4.438176653572522e-05
431,hotel_77,2023-01-07 00:00:00,0.0,0.0,-0.0002763945748257791,-4.461191760332848e-05
432,hotel_77,2023-01-08 00:00:00,0.0,0.0,-0.0016942386038626238,-4.054092818886777e-05
433,hotel_77,2023-01-09 00:00:00,0.0,0.0,-0.00020312497000659745,-4.4080513491976775e-05
434,hotel_77,2023-01-10 00:00:00,0.0,0.0,0.0038534205254556163,-4.619848400407023e-05
435,hotel_77,2023-01-11 00:00:00,0.0,0.0,0.006100138491003995,-4.661043190967791e-05
436,hotel_77,2023-01-12 00:00:00,0.0,0.0,0.005596708795815792,-4.661043190967791e-05
437,hotel_77,2023-01-13 00:00:00,0.0,0.0,0.0029648620477221426,-4.661043190967791e-05
438,hotel_77,2023-01-14 00:00:00,0.0,0.0,-0.0001520049934957508,-4.661043190967791e-05
439,hotel_77,2023-01-15 00:00:00,0.0,0.0,-0.0015723439957861076,-4.661043190967791e-05
440,hotel_77,2023-01-16 00:00:00,0.0,0.0,-8.367529167135467e-05,-4.661043190967791e-05
441,hotel_77,2023-01-17 00:00:00,0.0,0.0,0.00397047431380232,-4.661043190967791e-05
442,hotel_77,2023-01-18 00:00:00,0.0,0.0,0.006214844445488533,-4.661043190967791e-05
443,hotel_77,2023-01-19 00:00:00,0.0,0.0,0.005709114008667489,-4.661043190967791e-05
444,hotel_77,2023-01-20 00:00:00,0.0,0.0,0.0030750126666068715,-4.661043190967791e-05
445,hotel_77,2023-01-21 00:00:00,0.0,0.0,-4.4063746529768993e-05,-4.661043190967791e-05
446,hotel_77,2023-01-22 00:00:00,0.0,0.0,-0.0014665678057425094,-4.661043190967791e-05
447,hotel_77,2023-01-23 00:00:00,0.0,0.0,1.997926758777295e-05,-4.661043190967791e-05
448,hotel_84,2023-07-01 00:00:00,0.9134948096885813,0.903114186851211,0.975873529075923,0.9174955598115859
449,hotel_84,2023-07-02 00:00:00,0.9134948096885813,0.8961937716262975,0.73216656906911,0.9538676876287737
450,hotel_84,2023-07-03 00:00:00,0.9134948096885813,0.9515570934256056,0.7473705410220118,0.8852063175990939
451,hotel_84,2023-07-04 00:00:00,0.9134948096885813,0.7231833910034602,0.8021738746525953,0.8310503689856793
452,hotel_84,2023-07-05 00:00:00,0.9134948096885813,0.7197231833910035,0.811584339595717,0.8383198954417754
453,hotel_84,2023-07-06 00:00:00,0.9134948096885813,0.8823529411764706,0.8029457985275984,0.8961405598577201
454,hotel_84,2023-07-07 00:00:00,0.9134948096885813,0.9134948096885813,0.9275979474105911,0.8522582029595991
455,hotel_84,2023-07-08 00:00:00,0.9134948096885813,0.903114186851211,0.975873529075923,0.8907465427901713
456,hotel_84,2023-07-09 00:00:00,0.9134948096885813,0.8961937716262975,0.73216656906911,0.9241711593784182
457,hotel_84,2023-07-10 00:00:00,0.9134948096885813,0.9515570934256056,0.7473705410220118,0.8890347197263017
458,hotel_84,2023-07-11 00:00:00,0.9134948096885813,0.7231833910034602,0.8021738746525953,0.8261458389069938
459,hotel_84,2023-07-12 00:00:00,0.9134948096885813,0.7197231833910035,0.811584339595717,0.8187222335888085
460,hotel_84,2023-07-13 00:00:00,0.9134948096885813,0.8823529411764706,0.8029457985275984,0.8873902084706674
461,hotel_84,2023-07-14 00:00:00,0.9134948096885813,0.9134948096885813,0.9275979474105911,0.8736750335687249
462,hotel_84,2023-07-15 00:00:00,0.9134948096885813,0.903114186851211,0.975873529075923,0.8900950060975039
463,hotel_84,2023-07-16 00:00:00,0.9134948096885813,0.8961937716262975,0.73216656906911,0.9168472571710863
464,hotel_84,2023-07-17 00:00:00,0.9134948096885813,0.9515570934256056,0.7473705410220118,0.880788961579133
465,hotel_84,2023-07-18 00:00:00,0.9134948096885813,0.7231833910034602,0.8021738746525953,0.845245658629611
466,hotel_84,2023-07-19 00:00:00,0.9134948096885813,0.7197231833910035,0.811584339595717,0.8393041407098594
467,hotel_84,2023-07-20 00:00:00,0.9134948096885813,0.8823529411764706,0.8029457985275984,0.8865203702445756
468,hotel_84,2023-07-21 00:00:00,0.9134948096885813,0.9134948096885813,0.9275979474105911,0.8678967794541734
469,hotel_84,2023-07-22 00:00:00,0.9134948096885813,0.903114186851211,0.975873529075923,0.8853723024490551
470,hotel_84,2023-07-23 00:00:00,0.9134948096885813,0.8961937716262975,0.73216656906911,0.9046135714255439
471,hotel_84,2023-07-24 00:00:00,0.9134948096885813,0.9515570934256056,0.7473705410220118,0.8801151454059335
472,hotel_84,2023-07-25 00:00:00,0.9134948096885813,0.7231833910034602,0.8021738746525953,0.850739483493848
473,hotel_84,2023-07-26 00:00:00,0.9134948096885813,0.7197231833910035,0.811584339595717,0.8452283266514914
474,hotel_84,2023-07-27 00:00:00,0.9134948096885813,0.8823529411764706,0.8029457985275984,0.8832178284345077
475,hotel_84,2023-07-28 00:00:00,0.9134948096885813,0.9134948096885813,0.9275979474105911,0.8707297055964456
476,hotel_91,2023-07-01 00:00:00,0.8651685393258427,0.8539325842696629,0.8848434998857737,0.8856421104181152
477,hotel_91,2023-07-02 00:00:00,0.8651685393258427,0.8202247191011236,0.716157896353732,0.8643819716963409
478,hotel_91,2023-07-03 00:00:00,0.8651685393258427,0.9775280898876404,0.8467928841431797,0.8798718580237072
479,hotel_91,2023-07-04 00:00:00,0.8651685393258427,1.0112359550561798,0.940823658191342,0.9333614197395839
480,hotel_91,2023-07-05 00:00:00,0.8651685393258427,1.0224719101123596,0.9417611490131182,0.9245935424980796
481,hotel_91,2023-07-06 00:00:00,0.8651685393258427,0.898876404494382,0.8661615809468013,0.882843672591748
482,hotel_91,2023-07-07 00:00:00,0.8651685393258427,0.8651685393258427,0.8870764224058708,0.8969242728798598
483,hotel_91,2023-07-08 00:00:00,0.8651685393258427,0.8539325842696629,0.8848434998857737,0.8900266623867785
484,hotel_91,2023-07-09 00:00:00,0.8651685393258427,0.8202247191011236,0.716157896353732,0.9025336313882796
485,hotel_91,2023-07-10 00:00:00,0.8651685393258427,0.9775280898876404,0.8467928841431797,0.9175940970319397
486,hotel_91,2023-07-11 00:00:00,0.8651685393258427,1.0112359550561798,0.940823658191342,0.9252025680831711
487,hotel_91,2023-07-12 00:00:00,0.8651685393258427,1.0224719101123596,0.9417611490131182,0.930703636597774
488,hotel_91,2023-07-13 00:00:00,0.8651685393258427,0.898876404494382,0.8661615809468013,0.9049970828374825
489,hotel_91,2023-07-14 00:00:00,0.8651685393258427,0.8651685393258427,0.8870764224058708,0.9003822531638384
490,hotel_91,2023-07-15 00:00:00,0.8651685393258427,0.8539325842696629,0.8848434998857737,0.903440637847621
491,hotel_91,2023-07-16 00:00:00,0.8651685393258427,0.8202247191011236,0.716157896353732,0.9051610614768939
492,hotel_91,2023-07-17 00:00:00,0.8651685393258427,0.9775280898876404,0.8467928841431797,0.9058281817967127
493,hotel_91,2023-07-18 00:00:00,0.8651685393258427,1.0112359550561798,0.940823658191342,0.9060868678049391
494,hotel_91,2023-07-19 00:00:00,0.8651685393258427,1.0224719101123596,0.9417611490131182,0.9061871772226919
495,hotel_91,2023-07-20 00:00:00,0.8651685393258427,0.898876404494382,0.8661615809468013,0.9062260737187139
496,hotel_91,2023-07-21 00:00:00,0.8651685393258427,0.8651685393258427,0.8870764224058708,0.9062411564241735
497,hotel_91,2023-07-22 00:00:00,0.8651685393258427,0.8539325842696629,0.8848434998857737,0.9062470049716583
498,hotel_91,2023-07-23 00:00:00,0.8651685393258427,0.8202247191011236,0.716157896353732,0.9062492728345278
499,hotel_91,2023-07-24 00:00:00,0.8651685393258427,0.9775280898876404,0.8467928841431797,0.9062501522327046
500,hotel_91,2023-07-25 00:00:00,0.8651685393258427,1.0112359550561798,0.940823658191342,0.9062504932326669
501,hotel_91,2023-07-26 00:00:00,0.8651685393258427,1.0224719101123596,0.9417611490131182,0.9062506254605671
502,hotel_91,2023-07-27 00:00:00,0.8651685393258427,0.898876404494382,0.8661615809468013,0.9062506767339381
503,hotel_91,2023-07-28 00:00:00,0.8651685393258427,0.8651685393258427,0.8870764224058708,0.9062506966159644
504,hotel_98,2023-07-01 00:00:00,0.5,0.3467741935483871,0.5631058865105503,0.492868289707866
505,hotel_98,2023-07-02 00:00:00,0.5,0.13709677419354838,0.37418701101467,0.35516486244877926
506,hotel_98,2023-07-03 00:00:00,0.5,0.10483870967741936,0.3561088274054334,0.34300751462131085
507,hotel_98,2023-07-04 00:00:00,0.5,0.0967741935483871,0.3559331374666444,0.3448582331961556
508,hotel_98,2023-07-05 00:00:00,0.5,0.18548387096774194,0.35127108765755194,0.3880710507851174
509,hotel_98,2023-07-06 00:00:00,0.5,0.4112903225806452,0.3851218259604149,0.4853976244066757
510,hotel_98,2023-07-07 00:00:00,0.5,0.5,0.500002305338062,0.6068513305030271
511,hotel_98,2023-07-08 00:00:00,0.5,0.3467741935483871,0.5631058865105503,0.5748232141513435
512,hotel_98,2023-07-09 00:00:00,0.5,0.13709677419354838,0.37418701101467,0.45935512991016997
513,hotel_98,2023-07-10 00:00:00,0.5,0.10483870967741936,0.3561088274054334,0.44499318455460674
514,hotel_98,2023-07-11 00:00:00,0.5,0.0967741935483871,0.3559331374666444,0.44324565150155026
515,hotel_98,2023-07-12 00:00:00,0.5,0.18548387096774194,0.35127108765755194,0.48642690780101794
516,hotel_98,2023-07-13 00:00:00,0.5,0.4112903225806452,0.3851218259604149,0.5915679085045467
517,hotel_98,2023-07-14 00:00:00,0.5,0.5,0.500002305338062,0.6642364173773642
518,hotel_98,2023-07-15 00:00:00,0.5,0.3467741935483871,0.5631058865105503,0.6500035154236306
519,hotel_98,2023-07-16 00:00:00,0.5,0.13709677419354838,0.37418701101467,0.5647367606831515
520,hotel_98,2023-07-17 00:00:00,0.5,0.10483870967741936,0.3561088274054334,0.5556381559913158
521,hotel_98,2023-07-18 00:00:00,0.5,0.0967741935483871,0.3559331374666444,0.5555406568386525
522,hotel_98,2023-07-19 00:00:00,0.5,0.18548387096774194,0.35127108765755194,0.5849161237817918
523,hotel_98,2023-07-20 00:00:00,0.5,0.4112903225806452,0.3851218259604149,0.6540492366753806
524,hotel_98,2023-07-21 00:00:00,0.5,0.5,0.500002305338062,0.7182591359432492
525,hotel_98,2023-07-22 00:00:00,0.5,0.3467741935483871,0.5631058865105503,0.7031846768270062
526,hotel_98,2023-07-23 00:00:00,0.5,0.13709677419354838,0.37418701101467,0.6360415200335808
527,hotel_98,2023-07-24 00:00:00,0.5,0.10483870967741936,0.3561088274054334,0.628258154031508
528,hotel_98,2023-07-25 00:00:00,0.5,0.0967741935483871,0.3559331374666444,0.627691585679319
529,hotel_98,2023-07-26 00:00:00,0.5,0.18548387096774194,0.35127108765755194,0.6518543884816781
530,hotel_98,2023-07-27 00:00:00,0.5,0.4112903225806452,0.3851218259604149,0.7097861333670117
531,hotel_98,2023-07-28 00:00:00,0.5,0.5,0.500002305338062,0.7560173065426394
